start_time,mean_CPU_usage,canonical_mem_usage,assigned_mem_usage,unmapped_page_cache_mem_usage,total_page_cache_mem_usage,max_mem_usage,mean_disk_IO_time,mean_local_disk_space_used,max_CPU_usage,max_disk_IO_time,CPI,MAI,sampled_CPU_usage,nr_of_tasks,scheduling_class
600000000.0,0.0002746,0.08496,0.10096,0.0009155,0.0015631,0.08496,4.768e-06,0.0002012,0.005056,0.0003577,22.630000000000003,0.10121,0.0,2,3
900000000.0,0.0002594,0.08496,0.10096,0.0009155,0.0015631,0.08496,4.768e-06,0.0002012,0.006105,0.00014306,24.209,0.10828,0.0,2,3
1200000000.0,0.0002823,0.08496,0.10096,0.0009174999999999,0.001564,0.08502,6.676e-06,0.0002012,0.00703,0.0005713,14.623,0.06117,0.0,2,3
1500000000.0,0.0002661,0.08496,0.10096,0.0009174999999999,0.001564,0.08502,3.814e-06,0.0002012,0.004103,0.00014306,18.099,0.0781,0.0,2,3
1800000000.0,0.0002623,0.08502,0.10096,0.0009174999999999,0.001565,0.08502,4.768e-06,0.0002012,0.006507,0.0003577,22.35,0.09802,0.0,2,3
2100000000.0,0.0002737,0.08502,0.10096,0.0009174999999999,0.001565,0.08502,4.768e-06,0.0002012,0.0064329999999999,0.00021463,25.47,0.11236,0.0,2,3
2400000000.0,0.0002918,0.08496,0.10096,0.0009193,0.001566,0.08502,4.768e-06,0.0002012,0.016819,0.00028613,17.442,0.07335,0.0,2,3
2700000000.0,0.0002603,0.08496,0.10096,0.0009193,0.001566,0.08496,3.814e-06,0.0002012,0.003856,0.00014306,22.68,0.09918,0.0,2,3
3000000000.0,0.000267,0.08496,0.10096,0.0009193,0.001566,0.08496,4.768e-06,0.0002012,0.006657,0.0004292,19.568,0.08413,0.0,2,3
3300000000.0,0.0002813,0.08496,0.10096,0.0009193,0.0015669,0.08496,5.722e-06,0.0002012,0.008816,0.00021463,26.805,0.1184,0.0,2,3
3600000000.0,0.0002747,0.08496,0.10096,0.0009193,0.0015669,0.08496,7.628999999999999e-06,0.0002012,0.005222,0.0011426,18.185,0.0780299999999999,0.0,2,3
3900000000.0,0.0002642,0.08496,0.10096,0.0009212999999999,0.0015678,0.08496,4.768e-06,0.0002012,0.004868,0.00021463,25.76,0.11483,0.0,2,3
4200000000.0,0.0002575,0.08496,0.10096,0.0009212999999999,0.0015678,0.08496,4.768e-06,0.0002012,0.006107,0.00028613,19.811,0.08516,0.0,2,3
4500000000.0,0.0002737,0.08496,0.10096,0.0009212999999999,0.0015688,0.08496,4.768e-06,0.0002012,0.005631,0.00021463,21.375,0.09443,0.0,2,3
4800000000.0,0.0002718,0.08496,0.10096,0.0009212999999999,0.0015688,0.08496,6.676e-06,0.0002012,0.007885,0.0005712299999999,14.814,0.06159,0.0,2,3
5100000000.0,0.0002584,0.08496,0.10096,0.0009203,0.0015679,0.08496,4.768e-06,0.0002012,0.0030099999999999,0.00021463,19.841,0.08509,0.0,2,3
5400000000.0,0.0002632,0.08496,0.10096,0.0009193,0.001566,0.08496,5.722e-06,0.0002012,0.0048579999999999,0.0003577,34.42,0.15937,0.0,2,3
5700000000.0,0.0002584,0.08496,0.10096,0.0009193,0.001566,0.08496,4.768e-06,0.0002012,0.006553,0.00021463,28.42,0.12677,0.0,2,3
6000000000.0,0.0002623,0.08496,0.10096,0.0009193,0.0015669,0.08496,8.583e-06,0.0002012,0.004683,0.00128653,17.471,0.07553,0.0,2,3
6300000000.0,0.000267,0.08496,0.10096,0.0009193,0.0015669,0.08496,3.814e-06,0.0002012,0.004753,0.00014306,21.543,0.09456,0.0,2,3
6600000000.0,0.0002604,0.08496,0.10096,0.0009145,0.0015621,0.08496,9.536e-06,0.0002012,0.005623,0.0017851,21.257,0.09336,0.0,2,3
6900000000.0,0.000269,0.08496,0.10096,0.0009136,0.0015602,0.08496,4.768e-06,0.0002012,0.010353,0.0002862,14.561,0.05944,0.0,2,3
7200000000.0,0.0007009,0.08496,0.10096,0.0009136,0.0015612,0.08496,4.768e-06,0.0002012,0.0855799999999999,0.00028613,4.391,0.013141,0.0,2,3
7500000000.0,0.0002594,0.08496,0.10096,0.0009136,0.0015612,0.08496,6.676e-06,0.0002012,0.006033,0.0005713,21.12,0.09033,0.0,2,3
7800000000.0,0.0003109,0.08496,0.10096,0.0009136,0.0015612,0.08496,4.768e-06,0.0002012,0.017059,0.00028613,22.54,0.0991499999999999,0.0,2,3
8100000000.0,0.0002575,0.08496,0.10096,0.0009145,0.0015612,0.08496,7.628999999999999e-06,0.0002012,0.013474,0.001072,22.633,0.09872,0.0,2,3
8400000000.0,0.0002584,0.08496,0.10096,0.0009155,0.0015620999999999,0.08496,4.768e-06,0.0002012,0.0059159999999999,0.00035763,18.636000000000003,0.07932,0.0,2,3
8700000000.0,0.0002632,0.08496,0.10096,0.0009155,0.001563,0.08496,5.722e-06,0.0002012,0.005462,0.00035763,22.847,0.09941,0.0,2,3
9000000000.0,0.0002603,0.08496,0.10096,0.0009155,0.001563,0.08496,5.722e-06,0.0002012,0.006866,0.0004292,21.496,0.09175,0.0,2,3
9300000000.0,0.0002604,0.08496,0.10096,0.0009145,0.0015621,0.08496,5.722e-06,0.0002012,0.0037,0.0003577,22.79,0.09915,0.0,2,3
9600000000.0,0.0002604,0.08496,0.10096,0.0009146,0.0015611,0.08496,4.768e-06,0.0002012,0.003012,0.00028613,25.83,0.1151399999999999,0.0,2,3
9900000000.0,0.0002689,0.08496,0.10096,0.0009155,0.0015621,0.08496,4.768e-06,0.0002012,0.005293,0.00014306,32.58,0.14637,0.0,2,3
10200000000.0,0.0002661,0.08496,0.10096,0.0009155,0.0015631,0.08496,5.722e-06,0.0002012,0.006317,0.0003577,11.89,0.04886,0.0,2,3
10500000000.0,0.0002745999999999,0.08496,0.10096,0.0009155,0.0015631,0.08496,5.722e-06,0.0002012,0.005722,0.0002862,15.054000000000002,0.06217,0.0,2,3
10800000000.0,0.0002937,0.08496,0.10096,0.0009155,0.0015631,0.08496,5.722e-06,0.0002012,0.022979,0.0003577,20.171,0.08749,0.0,2,3
11100000000.0,0.0002527,0.08496,0.10096,0.0009165,0.0015631,0.08496,4.768e-06,0.0002012,0.006809,0.0002862,24.792,0.1106299999999999,0.0,2,3
11400000000.0,0.0002642,0.08496,0.10096,0.0009174999999999,0.001564,0.08496,5.722e-06,0.0002012,0.007103,0.00028613,16.458,0.0703,0.0,2,3
11700000000.0,0.0002604,0.08496,0.10096,0.0009174999999999,0.0015649,0.08496,3.814e-06,0.0002012,0.005504,0.00021463,20.447,0.08923,0.0,2,3
12000000000.0,0.0002584,0.08496,0.10096,0.0009174999999999,0.0015649,0.08496,5.722e-06,0.0002012,0.0032329999999999,0.0006428299999999,20.873,0.09167,0.0,2,3
12300000000.0,0.0002594,0.08496,0.10096,0.0009174999999999,0.0015649,0.08496,3.814e-06,0.0002012,0.003908,0.00021463,28.357,0.1219,0.0,2,3
12600000000.0,0.0002718,0.08496,0.10096,0.0009184,0.0015649,0.08496,4.768e-06,0.0002012,0.0054859999999999,0.00042823,27.380000000000003,0.1172,0.0,2,3
12900000000.0,0.0002774999999999,0.08496,0.10096,0.0009193,0.0015659,0.08496,4.768e-06,0.0002012,0.012184,0.00021463,21.836,0.0956,0.0,2,3
13200000000.0,0.0002737,0.08496,0.10096,0.0009193,0.0015669,0.08496,4.768e-06,0.0002012,0.003507,0.00028613,17.182000000000002,0.07307,0.0,2,3
13500000000.0,0.000267,0.08496,0.10096,0.0009193,0.0015669,0.08496,4.768e-06,0.0002012,0.002384,0.00014306,23.22,0.10249,0.0,2,3
13800000000.0,0.0002537,0.08496,0.10096,0.0009193,0.0015669,0.08496,5.722e-06,0.0002012,0.0042369999999999,0.0004292,23.74,0.10332,0.0,2,3
14100000000.0,0.000268,0.08496,0.10096,0.0009203,0.0015669,0.08496,3.814e-06,0.0002012,0.005414,0.00014306,13.002,0.0547,0.0,2,3
14400000000.0,0.0002537,0.08496,0.10096,0.0009212999999999,0.0015678,0.08496,4.768e-06,0.0002012,0.004077,0.0003577,21.639,0.09666,0.0,2,3
14700000000.0,0.0002661,0.08496,0.10096,0.0009212999999999,0.0015688,0.08496,5.722e-06,0.0002012,0.005013,0.00014306,18.387,0.0795,0.0,2,3
15000000000.0,0.0002699,0.08496,0.10096,0.0009212999999999,0.0015688,0.08496,4.768e-06,0.0002012,0.004239,0.0003577,16.637999999999998,0.07198,0.0,2,3
15300000000.0,0.000267,0.08496,0.10096,0.0009222,0.0015688,0.08496,5.722e-06,0.0002012,0.004536,0.0002862,18.348,0.08037,0.0,2,3
15600000000.0,0.0002707999999999,0.08496,0.10096,0.0009231,0.0015688,0.08496,5.722e-06,0.0002012,0.004646,0.00035763,18.547,0.08172,0.0,2,3
15900000000.0,0.0002784,0.08496,0.10096,0.0009231,0.0015697,0.08496,4.768e-06,0.0002012,0.00753,0.00021463,19.821,0.0864399999999999,0.0,2,3
16200000000.0,0.0002555,0.08496,0.10096,0.0009231,0.0015707,0.08496,7.628999999999999e-06,0.0002012,0.003912,0.00121453,25.57,0.11503,0.0,2,3
16500000000.0,0.0002699,0.08496,0.10096,0.0009231,0.0015707,0.08496,3.814e-06,0.0002012,0.003639,0.00021463,29.91,0.13864,0.0,2,3
16800000000.0,0.0002527,0.08496,0.10096,0.0009251,0.0015707,0.08496,4.768e-06,0.0002012,0.0034679999999999,0.00028613,17.91,0.0784,0.0,2,3
17100000000.0,0.0002747,0.08496,0.10096,0.0009251,0.0015717,0.08496,4.768e-06,0.0002012,0.004269,0.00021463,20.667,0.09045,0.0,2,3
17400000000.0,0.0002908999999999,0.08496,0.10096,0.0009251,0.0015726,0.08496,7.628999999999999e-06,0.0002012,0.006557,0.0011435,20.069000000000003,0.08892,0.0,2,3
17700000000.0,0.0002776,0.08496,0.10096,0.0009251,0.0015726,0.08496,4.768e-06,0.0002012,0.01242,0.00021463,15.744,0.06545,0.0,2,3
18000000000.0,0.0002785,0.08496,0.10096,0.000927,0.0015726,0.08496,4.768e-06,0.0002012,0.005494,0.0003577,16.579,0.07097,0.0,2,3
18300000000.0,0.000269,0.08496,0.10096,0.000927,0.0015745,0.08502,4.768e-06,0.0002012,0.003849,0.00021463,14.13,0.0597599999999999,0.0,2,3
18600000000.0,0.0002804,0.08496,0.10096,0.000927,0.0015745,0.08502,7.628999999999999e-06,0.0002012,0.017355,0.0010004,18.915,0.08211,0.0,2,3
18900000000.0,0.0002927,0.08502,0.10096,0.000928,0.0015745,0.08502,3.814e-06,0.0002012,0.004999,0.00021463,15.591,0.06675,0.0,2,3
19200000000.0,0.0003042999999999,0.08502,0.10096,0.0009289,0.0015765,0.08502,5.722e-06,0.0002012,0.010407,0.0003577,14.451,0.06137,0.0,2,3
19500000000.0,0.0003109,0.08502,0.10096,0.0009289,0.0015765,0.08502,4.768e-06,0.0002012,0.0294219999999999,0.00021463,14.073,0.05933,0.0,2,3
19800000000.0,0.0003186,0.08502,0.10096,0.0009297999999999,0.0015765,0.08502,4.768e-06,0.0002012,0.020303,0.00028613,17.434,0.07543,0.0,2,3
20100000000.0,0.0003404,0.08496,0.10096,0.0009308,0.0015783,0.08502,4.768e-06,0.0002012,0.022586,0.00021463,12.042,0.04918,0.0,2,3
20400000000.0,0.0003367,0.08496,0.10096,0.0009318,0.0015783,0.08496,4.768e-06,0.0002012,0.007034,0.00028613,11.033,0.0438,0.0,2,3
20700000000.0,0.000328,0.08496,0.10096,0.0009327,0.0015803,0.08496,4.768e-06,0.0002012,0.005482,0.00021463,14.947,0.0637,0.0,2,3
21000000000.0,0.0003558,0.08496,0.10096,0.0009335999999999,0.0015803,0.08496,4.768e-06,0.0002012,0.008992,0.00028613,14.828,0.06209,0.0,2,3
21300000000.0,0.0003271,0.08496,0.10096,0.0009346,0.0015821,0.08496,7.628999999999999e-06,0.0002012,0.013009,0.0007144,13.509,0.0558,0.0,2,3
21600000000.0,0.0003157,0.08496,0.10096,0.0009356,0.0015821,0.08496,4.768e-06,0.0002012,0.00589,0.00028613,10.716,0.04324,0.0,2,3
21900000000.0,0.0003242,0.08496,0.10096,0.0009365,0.0015841,0.08496,4.768e-06,0.0002012,0.0070799999999999,0.00021463,12.662,0.05125,0.0,2,3
22200000000.0,0.0003156,0.08496,0.10096,0.0009374,0.0015841,0.08496,5.722e-06,0.0002012,0.005467,0.0005712299999999,14.911,0.06231,0.0,2,3
22500000000.0,0.0003241999999999,0.08496,0.10096,0.0009384,0.0015859,0.08496,6.676e-06,0.0002012,0.007427,0.0007859,13.249,0.05589,0.0,2,3
22800000000.0,0.0003643,0.08496,0.10096,0.0009394,0.0015859,0.08496,5.722e-06,0.0002012,0.010314,0.00035763,11.548,0.0469399999999999,0.0,2,3
23100000000.0,0.0004253,0.08496,0.10096,0.0009403,0.0015879,0.08496,4.768e-06,0.0002012,0.012246,0.00021463,9.432,0.03679,0.0,2,3
23400000000.0,0.0003919,0.08496,0.10096,0.0009422,0.0015896999999999,0.08496,8.583e-06,0.0002012,0.010094,0.00150053,11.437,0.04691,0.0,2,3
23700000000.0,0.0003776,0.08496,0.10096,0.0009431999999999,0.0015896999999999,0.08496,4.768e-06,0.0002012,0.012036,0.00021463,10.18,0.03965,0.0,2,3
24000000000.0,0.0004015,0.08496,0.10096,0.0009451,0.0015917,0.08496,7.628999999999999e-06,0.0002012,0.010823,0.0010004,10.748,0.04339,0.0,2,3
24300000000.0,0.0004491999999999,0.08496,0.10096,0.0009461,0.0015936,0.08496,4.768e-06,0.0002012,0.0056729999999999,0.0002862,11.076,0.04338,0.0,2,3
24600000000.0,0.0005045,0.08496,0.10096,0.0009479,0.0015955,0.08496,4.768e-06,0.0002012,0.012149,0.00028613,9.465,0.0372,0.0,2,3
24900000000.0,0.0003576,0.08496,0.10096,0.0009499,0.0015974,0.08496,4.768e-06,0.0002012,0.005127,0.00021463,13.404,0.05631,0.0,2,3
25200000000.0,0.0004062999999999,0.08496,0.10096,0.0009527,0.0016003,0.08496,5.722e-06,0.0002012,0.029243,0.0005722,11.495,0.04607,0.0,2,3
25500000000.0,0.0004855,0.08496,0.10096,0.0009546,0.0016012,0.08496,5.722e-06,0.0002012,0.0090899999999999,0.00021463,9.001000000000001,0.03422,0.0,2,3
25800000000.0,0.0004625,0.08496,0.10096,0.0009565999999999,0.0016041,0.08496,5.722e-06,0.0002012,0.007389,0.0003577,8.009,0.03008,0.0,2,3
26100000000.0,0.0004931,0.08496,0.10096,0.0009584,0.001605,0.08496,3.814e-06,0.0002012,0.01326,0.00021463,8.518,0.0319,0.0,2,3
26400000000.0,0.0004558,0.08496,0.10096,0.0009603999999999,0.001607,0.08496,8.582999999999999e-06,0.0002012,0.010918,0.0012139999999999,9.277,0.0353399999999999,0.0,2,3
26700000000.0,0.0004797,0.08496,0.10096,0.0009603999999999,0.0016079,0.08496,5.722e-06,0.0002012,0.017339,0.0002862,9.144,0.03421,0.0,2,3
27000000000.0,0.0004778,0.08496,0.10096,0.0009632,0.0016108,0.08496,1.1444e-05,0.0002012,0.010373,0.0021426,10.164,0.03963,0.0,2,3
27300000000.0,0.0004357999999999,0.08496,0.10096,0.0009622999999999,0.0016098,0.08496,3.814e-06,0.0002012,0.01387,0.00021463,10.635,0.04129,0.0,2,3
27600000000.0,0.0004902,0.08496,0.10096,0.0009641,0.0016117,0.08496,5.722e-06,0.0002012,0.014534,0.0005007,9.146,0.03513,0.0,2,3
27900000000.0,0.0004415,0.08496,0.10096,0.0009661,0.0016136,0.08496,5.722e-06,0.0002012,0.015615,0.0005713,9.667,0.03778,0.0,2,3
28200000000.0,0.0004406,0.08496,0.10096,0.000968,0.0016155,0.08496,5.722e-06,0.0002012,0.0047799999999999,0.00071433,8.812,0.0336,0.0,2,3
28500000000.0,0.0004892,0.08496,0.10096,0.0009699,0.0016174,0.08496,5.722e-06,0.0002012,0.008225,0.00021463,9.682,0.03716,0.0,2,3
28800000000.0,0.000495,0.08496,0.10096,0.0009718,0.0016193,0.08496,4.768e-06,0.0002012,0.009621,0.00028613,8.338000000000001,0.030024,0.0,2,3
29100000000.0,0.0005036,0.08496,0.10096,0.0009756,0.0016221999999999,0.08496,5.722e-06,0.0002012,0.010612,0.0002862,9.688,0.03764,0.0,2,3
29400000000.0,0.0004607,0.08496,0.10096,0.0009775,0.0016251,0.08496,4.768e-06,0.0002012,0.008507,0.00028613,9.01,0.03468,0.0,2,3
29700000000.0,0.0005101999999999,0.08496,0.10096,0.0009794,0.001627,0.08496,5.722e-06,0.0002012,0.0098199999999999,0.00014306,8.486,0.03154,0.0,2,3
30000000000.0,0.000473,0.08496,0.10096,0.0009813,0.0016289,0.08496,6.676e-06,0.0002012,0.015427,0.0007857999999999,9.59,0.03667,0.0,2,3
30300000000.0,0.0004254,0.08496,0.10096,0.0009832999999999,0.0016308,0.08496,6.676e-06,0.0002012,0.010635,0.0006428,10.138,0.03966,0.0,2,3
30600000000.0,0.0004759,0.08496,0.10096,0.0009851,0.0016316999999999,0.08496,4.768e-06,0.0002012,0.008064,0.00028613,9.082,0.03473,0.0,2,3
30900000000.0,0.0004253,0.08496,0.10096,0.0009861,0.0016337,0.08496,4.768e-06,0.0002012,0.008346,0.00021463,10.93,0.0432899999999999,0.0,2,3
31200000000.0,0.0004473,0.08496,0.10096,0.0009870999999999,0.0016346,0.08496,8.582999999999999e-06,0.0002012,0.006992,0.0012860999999999,9.742,0.03754,0.0,2,3
31500000000.0,0.0004472,0.08496,0.10096,0.0009889,0.0016365,0.08496,3.814e-06,0.0002012,0.005783,0.00014306,10.099,0.03919,0.0,2,3
31800000000.0,0.0005407,0.08496,0.10096,0.0009908999999999,0.0016384,0.08496,4.768e-06,0.0002012,0.019801,0.0004998,8.333,0.03085,0.0,2,3
32100000000.0,0.0004290999999999,0.08496,0.10096,0.0009928,0.0016403,0.08496,4.768e-06,0.0002012,0.007199,0.00014306,10.474,0.04167,0.0,2,3
32400000000.0,0.0004673,0.08496,0.10096,0.0009946999999999,0.0016422,0.08496,5.722e-06,0.0002012,0.012203,0.0004292,8.897,0.03433,0.0,2,3
32700000000.0,0.0004473,0.08496,0.10096,0.0009966,0.0016441,0.08496,4.768e-06,0.0002012,0.01057,0.0002862,11.508,0.04557,0.0,2,3
33000000000.0,0.0004664,0.08496,0.10096,0.0009985,0.001646,0.08496,4.768e-06,0.0002012,0.017939,0.00028613,10.551,0.04133,0.0,2,3
33300000000.0,0.0004424999999999,0.08496,0.10096,0.0010004,0.0016469,0.08496,6.676e-06,0.0002012,0.0103749999999999,0.0007143,10.34,0.04074,0.0,2,3
33600000000.0,0.0004568,0.08496,0.10096,0.0010023,0.0016489,0.08496,4.768e-06,0.0002012,0.015132,0.00028613,10.369,0.04061,0.0,2,3
33900000000.0,0.0004892,0.08496,0.10096,0.001008,0.0016546999999999,0.08502,1.2398e-05,0.0002012,0.0109129999999999,0.0022871,10.228,0.03951,0.0,2,3
34200000000.0,0.0004062,0.08496,0.10096,0.001008,0.0016555,0.08496,4.768e-06,0.0002012,0.009941,0.00028613,10.532,0.04294,0.0,2,3
34500000000.0,0.0005465,0.08496,0.10096,0.0010052,0.0016527,0.08502,3.814e-06,0.0002012,0.022098,0.00021463,9.312,0.03463,0.0,2,3
34800000000.0,0.0005026,0.08496,0.10096,0.0010071,0.0016546,0.08502,4.768e-06,0.0002012,0.015205,0.00042823,10.181,0.03938,0.0,2,3
35100000000.0,0.0005255,0.08496,0.10096,0.001009,0.0016565,0.08502,3.814e-06,0.0002012,0.029752,0.00021463,10.107,0.03854,0.0,2,3
35400000000.0,0.000473,0.08496,0.10096,0.0010109,0.0016584,0.08502,4.768e-06,0.0002012,0.027179,0.00028613,9.034,0.03457,0.0,2,3
35700000000.0,0.0004616,0.08502,0.10096,0.0010128,0.0016603,0.08502,3.814e-06,0.0002012,0.008144,0.00021463,9.705,0.03785,0.0,2,3
36000000000.0,0.0004549,0.08502,0.10096,0.0010147,0.0016623,0.08502,5.722e-06,0.0002012,0.00869,0.00049973,9.696,0.0378499999999999,0.0,2,3
36300000000.0,0.0005331,0.08502,0.10096,0.0010157,0.0016642,0.08502,4.768e-06,0.0002012,0.013878,0.00021463,8.079,0.02978,0.0,2,3
36600000000.0,0.0004435,0.08502,0.10096,0.0010175,0.0016661,0.08502,4.768e-06,0.0002012,0.013138,0.00028613,7.709,0.027921,0.0,2,3
36900000000.0,0.0003796,0.08502,0.10096,0.0010195,0.001668,0.08502,5.722e-06,0.0002012,0.008503,0.00021463,11.639,0.04693,0.0,2,3
37200000000.0,0.0004149,0.08502,0.10096,0.0010214,0.0016689,0.08502,5.722e-06,0.0002012,0.04655,0.00035763,9.88,0.03848,0.0,2,3
37500000000.0,0.0003815,0.08502,0.10096,0.0010224,0.0016699,0.08502,4.768e-06,0.0002012,0.012177,0.00021463,10.838,0.0422499999999999,0.0,2,3
37800000000.0,0.0004072,0.08502,0.10096,0.0010233,0.0016718,0.08502,4.768e-06,0.0002012,0.011208,0.00028613,10.563,0.0413,0.0,2,3
38100000000.0,0.0003852,0.08502,0.10096,0.0010252,0.0016737,0.08502,4.768e-06,0.0002012,0.009842,0.00021463,10.915,0.0438,0.0,2,3
38400000000.0,0.0004053,0.08496,0.10096,0.0010252,0.0016728,0.08502,4.768e-06,0.0002012,0.009392,0.00028613,10.08,0.03888,0.0,2,3
38700000000.0,0.000391,0.08496,0.10096,0.0010176,0.001666,0.08496,5.722e-06,0.0002012,0.006565,0.0003577,11.647,0.04619,0.0,2,3
39000000000.0,0.0003815,0.08496,0.10096,0.0010194,0.001667,0.08496,4.768e-06,0.0002012,0.0086059999999999,0.00028613,10.395,0.04073,0.0,2,3
39300000000.0,0.0003833,0.08496,0.10096,0.0010204,0.001668,0.08496,4.768e-06,0.0002012,0.010536,0.00021463,11.509,0.04631,0.0,2,3
39600000000.0,0.0003863,0.08496,0.10096,0.0010214,0.0016698,0.08496,5.722e-06,0.0002012,0.016496,0.0003577,11.592,0.0451,0.0,2,3
39900000000.0,0.0004206,0.08496,0.10096,0.0010233,0.0016708,0.08496,3.814e-06,0.0002012,0.011032,0.0002862,11.671,0.04485,0.0,2,3
40200000000.0,0.0004178,0.08496,0.10096,0.0010242,0.0016718,0.08496,4.768e-06,0.0002012,0.006794,0.00028613,8.132000000000001,0.030832,0.0,2,3
40500000000.0,0.0004235,0.08496,0.10096,0.0010262,0.0016737,0.08496,4.768e-06,0.0002012,0.006065,0.0004292,12.752,0.05147,0.0,2,3
40800000000.0,0.0005884,0.08496,0.10096,0.0010271,0.0016756,0.08496,4.768e-06,0.0002012,0.0749799999999999,0.00028613,5.952999999999999,0.019984,0.0,2,3
41100000000.0,0.0006598999999999,0.08496,0.10096,0.001029,0.0016776,0.08496,4.768e-06,0.0002012,0.03729,0.00035763,7.197,0.025023,0.0,2,3
41400000000.0,0.0005617,0.08496,0.10096,0.0010319,0.0016794,0.08496,4.768e-06,0.0002012,0.015068,0.00028613,7.673,0.0276669999999999,0.0,2,3
41700000000.0,0.0004158,0.08496,0.10096,0.0010338,0.0016814,0.08496,5.722e-06,0.0002012,0.007969,0.0007144,11.013,0.04264,0.0,2,3
42000000000.0,0.0004549,0.08496,0.10096,0.0010348,0.0016832,0.08496,4.768e-06,0.0002012,0.014824,0.00028613,10.881,0.04272,0.0,2,3
42300000000.0,0.0003767,0.08496,0.10096,0.0010357,0.0016832,0.08496,6.676e-06,0.0002012,0.013276,0.0007859,10.416,0.04109,0.0,2,3
42600000000.0,0.0004244,0.08496,0.10096,0.0010376,0.0016852,0.08496,5.722e-06,0.0002012,0.009796,0.0004292,8.247,0.03081,0.0,2,3
42900000000.0,0.0004673,0.08496,0.10096,0.0010385,0.0016860999999999,0.08496,4.768e-06,0.0002012,0.010506,0.00035763,8.533,0.031028,0.0,2,3
43200000000.0,0.0004149,0.08496,0.10096,0.0010366,0.0016852,0.08496,4.768e-06,0.0002012,0.01057,0.0004998,8.692,0.032969,0.0,2,3
43500000000.0,0.0004348,0.08496,0.10096,0.0010376,0.0016860999999999,0.08496,3.814e-06,0.0002012,0.011257,0.00014306,11.534,0.04542,0.0,2,3
43800000000.0,0.0004339,0.08496,0.10096,0.0010395,0.001687,0.08496,7.628999999999999e-06,0.0002012,0.015661,0.001072,9.126,0.03426,0.0,2,3
44100000000.0,0.0003844,0.08496,0.10096,0.0010414,0.001689,0.08496,3.814e-06,0.0002012,0.012978,0.00021463,11.169,0.04466,0.0,2,3
44400000000.0,0.0004273,0.08496,0.10096,0.0010433999999999,0.0016908,0.08496,8.583e-06,0.0002012,0.007355,0.00128653,10.512,0.04153,0.0,2,3
44700000000.0,0.0004091999999999,0.08496,0.10096,0.0010443,0.0016928,0.08496,4.768e-06,0.0002012,0.007229,0.00021463,11.563,0.046,0.0,2,3
45000000000.0,0.0004301,0.08496,0.10096,0.0010452,0.0016936999999999,0.08496,6.676e-06,0.0002012,0.013672,0.0006428,11.024,0.04261,0.0,2,3
45300000000.0,0.0004434,0.08496,0.10096,0.0010472,0.0016946,0.08496,6.675e-06,0.0002012,0.012588,0.001072,9.988,0.03695,0.0,2,3
45600000000.0,0.0004893,0.08496,0.10096,0.001049,0.0016966,0.08496,4.768e-06,0.0002012,0.0071369999999999,0.00028613,9.782,0.03665,0.0,2,3
45900000000.0,0.0004349,0.08496,0.10096,0.001051,0.0016984,0.08496,5.722e-06,0.0002012,0.01101,0.0004292,9.806,0.03796,0.0,2,3
46200000000.0,0.0004215,0.08496,0.10096,0.0010519,0.0017004,0.08496,9.536e-06,0.0002012,0.008713,0.00178653,10.186,0.03994,0.0,2,3
46500000000.0,0.0004110999999999,0.08496,0.10096,0.0010528,0.0017014,0.08496,7.628999999999999e-06,0.0002012,0.007122,0.0011425,11.427,0.04439,0.0,2,3
46800000000.0,0.0004587,0.08496,0.10096,0.0010548,0.0017024,0.08496,5.722e-06,0.0002012,0.012771,0.0003577,11.351,0.04258,0.0,2,3
47100000000.0,0.0004731,0.08496,0.10096,0.0010566,0.0017042,0.08496,4.768e-06,0.0002012,0.012611,0.00035763,8.533999999999999,0.0299,0.0,2,3
47400000000.0,0.0003957,0.08496,0.10096,0.0010586,0.0017062,0.08496,6.676e-06,0.0002012,0.008804,0.0009289,12.228,0.04806,0.0,2,3
47700000000.0,0.0004072,0.08496,0.10096,0.0010596,0.0017071,0.08496,4.768e-06,0.0002012,0.0058359999999999,0.00021463,12.558,0.04906,0.0,2,3
48000000000.0,0.0003872,0.08496,0.10096,0.0010605,0.001709,0.08496,4.768e-06,0.0002012,0.008995,0.00028613,12.026,0.04578,0.0,2,3
48300000000.0,0.0004291,0.08496,0.10096,0.0010624,0.00171,0.08496,4.768e-06,0.0002012,0.012146,0.00021463,10.911,0.0414299999999999,0.0,2,3
48600000000.0,0.0004158,0.08496,0.10096,0.0010643,0.0017117999999999,0.08496,4.768e-06,0.0002012,0.011139,0.00028613,10.67,0.04196,0.0,2,3
48900000000.0,0.0004424999999999,0.08496,0.10096,0.0010643,0.0017128,0.08496,4.768e-06,0.0002012,0.029941,0.00021463,12.759,0.04953,0.0,2,3
49200000000.0,0.0004263,0.08496,0.10096,0.0010662,0.0017138,0.08496,4.768e-06,0.0002012,0.021103,0.00028613,8.829,0.0335499999999999,0.0,2,3
49500000000.0,0.0004158,0.08496,0.10096,0.0010681,0.0017156,0.08496,4.768e-06,0.0002012,0.013565,0.00028613,10.938,0.04244,0.0,2,3
49800000000.0,0.0004644999999999,0.08496,0.10096,0.001069,0.0017176,0.08496,7.63e-06,0.0002012,0.007088,0.001071,9.512,0.0354,0.0,2,3
50100000000.0,0.0003872,0.08496,0.10096,0.00107,0.0017185,0.08496,8.582999999999999e-06,0.0002012,0.00906,0.0011426,11.125,0.0432199999999999,0.0,2,3
50400000000.0,0.0004339,0.08496,0.10096,0.001072,0.0017194,0.08496,5.722e-06,0.0002012,0.0105209999999999,0.00028613,11.519,0.04536,0.0,2,3
50700000000.0,0.0005398,0.08496,0.10096,0.0010681,0.0017157,0.08496,5.722e-06,0.0002012,0.0363939999999999,0.0006428,8.818,0.03142,0.0,2,3
51000000000.0,0.0004406,0.08496,0.10096,0.0010701,0.0017175,0.08496,4.768e-06,0.0002012,0.010391,0.00028613,12.473,0.0496299999999999,0.0,2,3
51300000000.0,0.0003996,0.08496,0.10096,0.0010672,0.0017157,0.08496,1.4305e-05,0.0002012,0.008564,0.0021434,12.239,0.04771,0.0,2,3
51600000000.0,0.0004035,0.08496,0.10096,0.0010662,0.0017147999999999,0.08496,9.537e-06,0.0002012,0.0071979999999999,0.0014291,13.243,0.05186,0.0,2,3
51900000000.0,0.0004368,0.08496,0.10096,0.0010681,0.0017157,0.08496,4.768e-06,0.0002012,0.009246,0.0003577,9.565,0.0364499999999999,0.0,2,3
52200000000.0,0.0003671,0.08496,0.10096,0.00107,0.0017166,0.08496,5.722e-06,0.0002012,0.011635,0.0003577,12.52,0.05196,0.0,2,3
52500000000.0,0.0004091,0.08496,0.10096,0.001069,0.0017176,0.08496,4.768e-06,0.0002012,0.006839,0.00021463,11.108,0.04325,0.0,2,3
52800000000.0,0.0003681,0.08496,0.10096,0.0010681,0.0017157,0.08496,4.768e-06,0.0002012,0.008839,0.00028613,10.474,0.0417639999999999,0.0,2,3
53100000000.0,0.0003977,0.08496,0.10096,0.0010681,0.0017166,0.08502,6.676e-06,0.0002012,0.018173,0.0007143,10.468,0.04128,0.0,2,3
53400000000.0,0.0004339,0.08496,0.10096,0.00107,0.0017185999999999,0.08502,1.0491e-05,0.0002012,0.014003,0.0017862999999999,10.628,0.04138,0.0,2,3
53700000000.0,0.0005608,0.08496,0.10096,0.00107,0.0017176,0.08502,6.676e-06,0.0002012,0.0675,0.0007859,8.125,0.029106,0.0,2,3
54000000000.0,0.0004072,0.08496,0.10096,0.001069,0.0017166,0.08502,6.676e-06,0.0002012,0.0067069999999999,0.0006428,11.594,0.04537,0.0,2,3
54300000000.0,0.0003767,0.08502,0.10096,0.00107,0.0017185,0.08502,9.536e-06,0.0002012,0.00494,0.0008573999999999,11.986,0.04711,0.0,2,3
54600000000.0,0.0004015,0.08502,0.10096,0.0010719,0.0017185,0.08502,5.722e-06,0.0002012,0.031147,0.0006428299999999,12.594,0.05069,0.0,2,3
54900000000.0,0.00037,0.08502,0.10096,0.0010719,0.0017204,0.08502,4.768e-06,0.0002012,0.008091,0.00021463,10.948,0.04309,0.0,2,3
55200000000.0,0.0003957999999999,0.08502,0.10096,0.0010738,0.0017204,0.08502,4.768e-06,0.0002012,0.040273,0.00028613,10.947,0.0434699999999999,0.0,2,3
55500000000.0,0.0003738,0.08502,0.10096,0.00107,0.0017176,0.08502,3.814e-06,0.0002012,0.014846,0.00014306,11.463,0.04595,0.0,2,3
55800000000.0,0.000349,0.08502,0.10096,0.0010681,0.0017147,0.08502,5.722e-06,0.0002012,0.00895,0.0007859,12.048,0.04969,0.0,2,3
56100000000.0,0.0003863,0.08502,0.10096,0.0010681,0.0017166,0.08502,4.768e-06,0.0002012,0.017263,0.00021463,8.719000000000001,0.032847,0.0,2,3
56400000000.0,0.00031,0.08502,0.10096,0.0010701,0.0017166,0.08502,5.722e-06,0.0002012,0.02947,0.0006428299999999,14.076,0.06018,0.0,2,3
56700000000.0,0.0002784,0.08502,0.10096,0.0010701,0.0017185,0.08502,5.722e-06,0.0002012,0.003615,0.0003577,12.712,0.05215,0.0,2,3
57000000000.0,0.0002985,0.08496,0.10096,0.0010701,0.0017185,0.08502,4.768e-06,0.0002012,0.006897,0.00042823,12.191,0.05058,0.0,2,3
57300000000.0,0.0002642,0.08496,0.10096,0.001071,0.0017185,0.08496,7.63e-06,0.0002012,0.004289,0.001071,13.29,0.05703,0.0,2,3
57600000000.0,0.0003424,0.08496,0.10096,0.0010633,0.0017109,0.08496,8.582999999999999e-06,0.0002012,0.017642,0.0009995,9.274,0.03659,0.0,2,3
57900000000.0,0.0003708999999999,0.08496,0.10096,0.0010624,0.0017108,0.08496,3.814e-06,0.0002012,0.010445,0.00021463,11.179,0.04455,0.0,2,3
58200000000.0,0.00035,0.08496,0.10096,0.0010643,0.0017108,0.08496,6.676e-06,0.0002012,0.0076479999999999,0.0006428,12.957,0.05406,0.0,2,3
58500000000.0,0.0002642,0.08496,0.10096,0.0010643,0.0017128,0.08496,6.675e-06,0.0002012,0.007756,0.00078583,20.96,0.09294,0.0,2,3
58800000000.0,0.000268,0.08496,0.10096,0.0010652,0.0017128,0.08496,5.722e-06,0.0002012,0.018402,0.00035763,21.891,0.0989599999999999,0.0,2,3
59100000000.0,0.0003309,0.08496,0.10096,0.0010652,0.0017138,0.08496,1.6212e-05,0.0002012,0.025956,0.0028575,19.641,0.08813,0.0,2,3
59400000000.0,0.0007085,0.08502,0.10096,0.0010834,0.0017595,0.08545,0.0003052,0.0002012,0.10828,0.07044,10.593,0.04287,0.0,2,3
59700000000.0,0.0004902,0.08545,0.10096,0.0011788,0.0020436,0.08545,1.6212e-05,0.0002012,0.045974,0.0016432,16.18,0.07169,0.0,2,3
60000000000.0,0.0004673,0.08545,0.10096,0.0011711,0.0020359,0.08545,1.4301e-05,0.0002012,0.010894,0.0019280999999999,15.197,0.06627,0.0,2,3
60300000000.0,0.0005531,0.08545,0.10096,0.0011616,0.0020271,0.08545,6.676e-06,0.0002012,0.009704,0.0006428,15.25,0.06646,0.0,2,3
60600000000.0,0.0004596,0.08545,0.10096,0.0011616,0.0020261,0.08545,1.2397e-05,0.0002012,0.007877,0.0013571,17.206,0.07683,0.0,2,3
60900000000.0,0.0004482,0.0850799999999999,0.10096,0.0012741,0.001983,0.08545,1.049e-05,0.0002012,0.019335,0.0008564,13.383,0.05684,0.0,2,3
61200000000.0,0.0003662,0.08496,0.10096,0.0010682,0.0017166,0.08496,6.676e-06,0.0002012,0.00605,0.0004292,11.274,0.04685,0.0,2,3
61500000000.0,0.0003443,0.08496,0.10096,0.0010471,0.0016947,0.08496,7.628999999999999e-06,0.0002012,0.023583,0.00092893,9.178,0.03662,0.0,2,3
61800000000.0,0.0003614,0.08496,0.10096,0.0010433,0.0016919,0.08496,4.768e-06,0.0002012,0.029649,0.0003577,10.169,0.04221,0.0,2,3
62100000000.0,0.0004015,0.08496,0.10096,0.0010452999999999,0.0016928,0.08496,4.768e-06,0.0002012,0.03972,0.00021463,7.452,0.028579,0.0,2,3
62400000000.0,0.0003472,0.08496,0.10096,0.0010452999999999,0.0016937,0.08496,4.768e-06,0.0002012,0.011487,0.0004292,11.851,0.04854,0.0,2,3
62700000000.0,0.0003338,0.08496,0.10096,0.0010471,0.0016947,0.08496,4.768e-06,0.0002012,0.004284,0.00035763,12.829,0.0525599999999999,0.0,2,3
63000000000.0,0.0003471,0.08496,0.10096,0.0010471,0.0016957,0.08496,4.768e-06,0.0002012,0.005177,0.0003577,16.044,0.06715,0.0,2,3
63300000000.0,0.0003738,0.08496,0.10096,0.0010490999999999,0.0016957,0.08496,3.814e-06,0.0002012,0.009224,0.00021463,10.049,0.03854,0.0,2,3
63600000000.0,0.0004148,0.08496,0.10096,0.0010490999999999,0.0016975,0.08496,1.049e-05,0.0002012,0.015976,0.0015720999999999,8.193,0.030139,0.0,2,3
63900000000.0,0.0003976999999999,0.08496,0.10096,0.0010461,0.0016928,0.08496,6.676e-06,0.0002012,0.012207,0.0004292,12.477,0.05001,0.0,2,3
64200000000.0,0.0003367,0.08496,0.10096,0.0010452,0.0016938,0.08496,4.768e-06,0.0002012,0.005818,0.00028613,13.364,0.05502,0.0,2,3
64500000000.0,0.00035,0.08496,0.10096,0.0010471,0.0016938,0.08496,3.814e-06,0.0002012,0.007855,0.00021463,16.658,0.07182,0.0,2,3
64800000000.0,0.0003843,0.08496,0.10096,0.0010471,0.0016956,0.08496,3.814e-06,0.0002012,0.008186,0.00028613,12.635,0.05104,0.0,2,3
65100000000.0,0.0003357,0.08496,0.10096,0.001049,0.0016956,0.08496,3.814e-06,0.0002012,0.00787,0.00021463,11.512,0.04703,0.0,2,3
65400000000.0,0.0003652,0.08496,0.10096,0.001049,0.0016976,0.08496,4.768e-06,0.0002012,0.035308,0.00028613,9.328,0.03605,0.0,2,3
65700000000.0,0.0003957999999999,0.08496,0.10096,0.001051,0.0016976,0.08496,3.814e-06,0.0002012,0.00724,0.00014306,9.399,0.03705,0.0,2,3
66000000000.0,0.0003519,0.08496,0.10096,0.001051,0.0016994,0.08496,5.722e-06,0.0002012,0.009365,0.0004292,11.292,0.04531,0.0,2,3
66300000000.0,0.0003519,0.08496,0.10096,0.0010528,0.0017004,0.08496,7.628999999999999e-06,0.0002012,0.006275,0.0007859,10.946,0.04477,0.0,2,3
66600000000.0,0.0003652,0.08496,0.10096,0.0010538,0.0017014,0.08496,5.722e-06,0.0002012,0.006092,0.0003577,12.757,0.05166,0.0,2,3
66900000000.0,0.0003843,0.08496,0.10096,0.0010548,0.0017032,0.08496,7.63e-06,0.0002012,0.005779,0.0008564,11.732,0.04736,0.0,2,3
67200000000.0,0.0003519,0.08496,0.10096,0.0010566999999999,0.0017032,0.08496,4.768e-06,0.0002012,0.010186,0.00028613,11.879,0.04786,0.0,2,3
67500000000.0,0.0003558,0.08496,0.10096,0.0010566999999999,0.0017052,0.08496,4.768e-06,0.0002012,0.0184609999999999,0.0004292,14.465,0.0602,0.0,2,3
67800000000.0,0.0004235,0.08496,0.10096,0.0010586,0.0017052,0.08496,5.722e-06,0.0002012,0.010102,0.0006428299999999,12.097,0.04785,0.0,2,3
68100000000.0,0.0003624,0.08496,0.10096,0.0010586,0.001707,0.08496,6.676e-06,0.0002012,0.004322,0.0006428,10.211,0.03967,0.0,2,3
68400000000.0,0.0003691,0.08496,0.10096,0.0010605,0.0017079999999999,0.08496,6.676e-06,0.0002012,0.007351,0.0007143,14.029,0.05846,0.0,2,3
68700000000.0,0.0003614,0.08496,0.10096,0.0010605,0.001709,0.08496,7.628999999999999e-06,0.0002012,0.008217,0.0005712299999999,9.873,0.03819,0.0,2,3
69000000000.0,0.0003634,0.08496,0.10096,0.0010624,0.0017109,0.08496,4.768e-06,0.0002012,0.00769,0.00028613,11.276,0.04592,0.0,2,3
69300000000.0,0.0003662,0.08496,0.10096,0.0010624,0.0017109,0.08496,4.768e-06,0.0002012,0.009064,0.00021463,11.581,0.04791,0.0,2,3
69600000000.0,0.0003566,0.08496,0.10096,0.0010643,0.0017128,0.08496,4.768e-06,0.0002012,0.012818,0.0003577,11.027,0.0439699999999999,0.0,2,3
69900000000.0,0.0003615,0.08496,0.10096,0.0010652,0.0017128,0.08496,4.768e-06,0.0002012,0.006248,0.00021463,10.039,0.0395999999999999,0.0,2,3
70200000000.0,0.0003539,0.08496,0.10096,0.0010662,0.0017147,0.08496,6.675e-06,0.0002012,0.007721,0.00085733,12.189,0.04953,0.0,2,3
70500000000.0,0.000371,0.08496,0.10096,0.0010681,0.0017147,0.08496,4.768e-06,0.0002012,0.0067779999999999,0.00021463,9.644,0.03761,0.0,2,3
70800000000.0,0.0004111,0.08496,0.10096,0.0010681,0.0017166,0.08496,6.676e-06,0.0002012,0.009171,0.0005712299999999,10.512,0.04204,0.0,2,3
71100000000.0,0.0003405,0.08496,0.10096,0.00107,0.0017166,0.08496,4.768e-06,0.0002012,0.007457,0.00021463,11.651,0.04771,0.0,2,3
71400000000.0,0.0003461,0.08496,0.10096,0.00107,0.0017186,0.08496,4.768e-06,0.0002012,0.010582,0.00028613,10.757,0.04306,0.0,2,3
71700000000.0,0.0003471,0.08496,0.10096,0.0010719,0.0017186,0.08502,4.768e-06,0.0002012,0.009399,0.0004998,13.098,0.0529199999999999,0.0,2,3
72000000000.0,0.0003205,0.08496,0.10096,0.0010719,0.0017204,0.08502,6.676e-06,0.0002012,0.009441,0.0006428,15.081,0.06446,0.0,2,3
72300000000.0,0.0003538,0.08496,0.10096,0.0010738,0.0017204,0.08502,5.722e-06,0.0002012,0.012775,0.0006428,11.855,0.04938,0.0,2,3
72600000000.0,0.0003052,0.08496,0.10096,0.0010738,0.0017224,0.08502,5.722e-06,0.0002012,0.005615,0.0006428299999999,12.159,0.05095,0.0,2,3
72900000000.0,0.0003929,0.08502,0.10096,0.0010738,0.0017224,0.08502,4.768e-06,0.0002012,0.02954,0.00021463,13.594,0.05748,0.0,2,3
73200000000.0,0.0003386,0.08502,0.10096,0.0010758,0.0017242,0.08502,4.768e-06,0.0002012,0.010185,0.0004292,9.604,0.03788,0.0,2,3
73500000000.0,0.0003061,0.08502,0.10096,0.0010758,0.0017242,0.08502,5.722e-06,0.0002012,0.004595,0.0003577,12.563,0.05311,0.0,2,3
73800000000.0,0.0003204,0.08502,0.10096,0.00107,0.0017175,0.08502,4.768e-06,0.0002012,0.016282,0.00028613,13.878,0.05823,0.0,2,3
74100000000.0,0.0003404,0.08502,0.10096,0.0010643,0.0017128,0.08502,4.768e-06,0.0002012,0.0083769999999999,0.00028613,12.235,0.04981,0.0,2,3
74400000000.0,0.0003023,0.08502,0.10096,0.0010643,0.0017128,0.08502,8.582999999999999e-06,0.0002012,0.0149679999999999,0.0012141,14.379,0.06126,0.0,2,3
74700000000.0,0.000309,0.08502,0.10096,0.0010643,0.0017128,0.08502,4.768e-06,0.0002012,0.0051,0.00021463,13.664,0.05796,0.0,2,3
75000000000.0,0.000328,0.08502,0.10096,0.0010624,0.0017109,0.08502,8.583e-06,0.0002012,0.003113,0.00142953,11.992,0.05006,0.0,2,3
75300000000.0,0.0003137,0.08502,0.10096,0.0010643,0.0017117999999999,0.08502,9.537e-06,0.0002012,0.006678,0.0014291,13.366,0.05547,0.0,2,3
75600000000.0,0.0003376,0.08496,0.10096,0.0010643,0.0017128,0.08496,6.676e-06,0.0002012,0.006542,0.0005712299999999,11.384,0.04647,0.0,2,3
75900000000.0,0.0003491,0.08496,0.10096,0.0010662,0.0017128,0.08496,5.722e-06,0.0002012,0.008385,0.0004998,13.856,0.05728,0.0,2,3
76200000000.0,0.0003452,0.08496,0.10096,0.0010662,0.0017147,0.08496,4.768e-06,0.0002012,0.009666,0.0003577,11.491,0.04593,0.0,2,3
76500000000.0,0.0003147,0.08496,0.10096,0.0010672,0.0017147,0.08496,6.676e-06,0.0002012,0.005417,0.0004998,12.575,0.0519199999999999,0.0,2,3
76800000000.0,0.0003453,0.08496,0.10096,0.0010662,0.0017136999999999,0.08496,7.628999999999999e-06,0.0002012,0.007408,0.00128653,15.44,0.06337,0.0,2,3
77100000000.0,0.000329,0.08496,0.10096,0.0010662,0.0017147,0.08496,3.814e-06,0.0002012,0.007264,0.00014306,11.063,0.04458,0.0,2,3
77400000000.0,0.0003252,0.08496,0.10096,0.0010681,0.0017147,0.08496,5.722e-06,0.0002012,0.015014,0.0005713,10.649,0.04258,0.0,2,3
77700000000.0,0.000329,0.08496,0.10096,0.0010681,0.0017166,0.08496,4.768e-06,0.0002012,0.010849,0.00014306,13.584,0.05585,0.0,2,3
78000000000.0,0.0003052,0.08496,0.10096,0.0010681,0.0017166,0.08496,5.722e-06,0.0002012,0.0062559999999999,0.0005713,15.576999999999998,0.06611,0.0,2,3
78300000000.0,0.0003233,0.08496,0.10096,0.00107,0.0017166,0.08496,4.768e-06,0.0002012,0.006962,0.0003577,15.828,0.0660999999999999,0.0,2,3
78600000000.0,0.0003032,0.08496,0.10096,0.00107,0.0017185,0.08496,5.722e-06,0.0002012,0.00486,0.0003577,11.479,0.04712,0.0,2,3
78900000000.0,0.0002899,0.08496,0.10096,0.00107,0.0017176,0.08496,3.814e-06,0.0002012,0.005123,0.00021463,16.936,0.07377,0.0,2,3
79200000000.0,0.0002994,0.08496,0.10096,0.00107,0.0017166,0.08496,6.675e-06,0.0002012,0.005745,0.0006428,20.486,0.09045,0.0,2,3
79500000000.0,0.0002841999999999,0.08496,0.10096,0.0010634,0.0017117999999999,0.08496,4.768e-06,0.0002012,0.004887,0.00028613,14.656,0.06143,0.0,2,3
79800000000.0,0.0002804,0.08496,0.10096,0.0010624,0.0017109,0.08496,4.768e-06,0.0002012,0.003555,0.0003577,18.263,0.08024,0.0,2,3
80100000000.0,0.0002956,0.08496,0.10096,0.0010624,0.0017109,0.08496,4.768e-06,0.0002012,0.007305,0.00021463,13.456,0.05554,0.0,2,3
80400000000.0,0.0003156,0.08496,0.10096,0.0010643,0.0017119,0.08496,6.675e-06,0.0002012,0.006977,0.00078583,15.835,0.0670999999999999,0.0,2,3
80700000000.0,0.000289,0.08496,0.10096,0.0010643,0.0017128,0.08496,5.722e-06,0.0002012,0.008854,0.0005712299999999,12.478000000000002,0.05144,0.0,2,3
81000000000.0,0.0002985,0.08496,0.10096,0.0010653,0.0017128,0.08496,4.768e-06,0.0002012,0.004539,0.00028613,19.401,0.0835,0.0,2,3
81300000000.0,0.0002774999999999,0.08496,0.10096,0.0010662,0.0017128,0.08496,5.722e-06,0.0002012,0.003596,0.00021463,26.05,0.11699,0.0,2,3
81600000000.0,0.0003567,0.08496,0.10096,0.0010662,0.0017147,0.08496,1.5258e-05,0.0002012,0.006394,0.002215,20.141,0.08701,0.0,2,3
81900000000.0,0.0006808999999999,0.08514,0.10096,0.0011149,0.0018421,0.08545,0.0003461999999999,0.0002012,0.05142,0.07465,18.739,0.0835,0.0,2,3
82200000000.0,0.0004997,0.08545,0.10096,0.001194,0.0020588,0.08545,1.3351e-05,0.0002012,0.009255,0.0006428,22.74,0.10027,0.0,2,3
82500000000.0,0.0003977,0.08545,0.10096,0.0011911,0.0020558,0.08545,1.6208e-05,0.0002012,0.006382,0.0022136,26.66,0.11985,0.0,2,3
82800000000.0,0.0004129,0.08545,0.10096,0.0011864,0.0020528,0.08545,8.582999999999999e-06,0.0002012,0.005188,0.001072,22.411,0.1,0.0,2,3
83100000000.0,0.0004138,0.08545,0.10096,0.0011816,0.0020471,0.08545,9.537e-06,0.0002012,0.0042109999999999,0.0007134,22.094,0.0985,0.0,2,3
83400000000.0,0.0004263,0.08539,0.10096,0.0012055,0.0020404,0.08545,7.628999999999999e-06,0.0002012,0.009354,0.0007857999999999,21.303,0.0912,0.0,2,3
83700000000.0,0.0002985,0.08496,0.10096,0.0012379,0.0018863,0.08496,5.722e-06,0.0002012,0.003219,0.0002862,15.172,0.06317,0.0,2,3
84000000000.0,0.0002975999999999,0.08496,0.10096,0.0010481,0.0016966,0.08496,5.722e-06,0.0002012,0.041589,0.0005713,13.706,0.0564,0.0,2,3
84300000000.0,0.0003004,0.08496,0.10096,0.001049,0.0016976,0.08496,5.722e-06,0.0002012,0.032992,0.0002862,16.744999999999997,0.06976,0.0,2,3
84600000000.0,0.0002908999999999,0.08496,0.10096,0.001049,0.0016976,0.08496,8.582999999999999e-06,0.0002012,0.004254,0.0011435,15.481000000000002,0.06347,0.0,2,3
84900000000.0,0.0003004,0.08496,0.10096,0.00105,0.0016976,0.08496,4.768e-06,0.0002012,0.007252,0.00021463,9.954,0.03839,0.0,2,3
85200000000.0,0.0003167,0.08496,0.10096,0.001051,0.0016985,0.08496,4.768e-06,0.0002012,0.025112,0.00028613,17.432,0.07318,0.0,2,3
85500000000.0,0.000309,0.08496,0.10096,0.001051,0.0016994,0.08496,4.768e-06,0.0002012,0.007927,0.00021463,8.722,0.031756,0.0,2,3
85800000000.0,0.000268,0.08496,0.10096,0.0010519,0.0016994,0.08496,4.768e-06,0.0002012,0.002826,0.00028613,21.08,0.09398,0.0,2,3
86100000000.0,0.0002737,0.08496,0.10096,0.0010519,0.0016994,0.08496,4.768e-06,0.0002012,0.005447,0.00028613,16.384,0.07111,0.0,2,3
86400000000.0,0.0002861,0.08496,0.10096,0.0010528,0.0017004,0.08496,8.582999999999999e-06,0.0002012,0.007904,0.0013576,14.904,0.06448,0.0,2,3
86700000000.0,0.0002842,0.08496,0.10096,0.0010528,0.0017014,0.08496,4.768e-06,0.0002012,0.0068059999999999,0.00042823,16.847,0.07493,0.0,2,3
87000000000.0,0.0002804,0.08496,0.10096,0.0010538,0.0017014,0.08496,8.582999999999999e-06,0.0002012,0.008621,0.0015717,13.756,0.0598,0.0,2,3
87300000000.0,0.0002774999999999,0.08496,0.10096,0.0010538,0.0017023,0.08496,8.582999999999999e-06,0.0002012,0.0040609999999999,0.0008573999999999,15.767,0.06874,0.0,2,3
87600000000.0,0.0002757,0.08496,0.10096,0.0010548,0.0017032,0.08496,8.583e-06,0.0002012,0.004524,0.0011435,21.084,0.0930199999999999,0.0,2,3
87900000000.0,0.0002775,0.08496,0.10096,0.0010548,0.0017032,0.08496,1.2398e-05,0.0002012,0.0218259999999999,0.001072,20.057,0.09131,0.0,2,3
88200000000.0,0.0002594,0.08496,0.10096,0.0010557,0.0017032,0.08496,1.1444e-05,0.0002012,0.006678,0.0012866,16.462,0.07309,0.0,2,3
88500000000.0,0.0002908999999999,0.08496,0.10096,0.0010557,0.0017042,0.08496,4.768e-06,0.0002012,0.007,0.00021463,14.477,0.05932,0.0,2,3
88800000000.0,0.0002728,0.08496,0.10096,0.0010566,0.0017042,0.08496,4.768e-06,0.0002012,0.003765,0.00028613,20.146,0.0866599999999999,0.0,2,3
89100000000.0,0.0002737,0.08496,0.10096,0.0010566,0.0017052,0.08496,8.582999999999999e-06,0.0002012,0.005875,0.0012860999999999,13.059,0.05433,0.0,2,3
89400000000.0,0.0002747,0.08496,0.10096,0.0010576,0.0017052,0.08502,5.722e-06,0.0002012,0.004064,0.0004292,18.682,0.07875,0.0,2,3
89700000000.0,0.0002622,0.08496,0.10096,0.0010576,0.0017052,0.08496,3.814e-06,0.0002012,0.003368,0.00021463,21.501,0.0925199999999999,0.0,2,3
90000000000.0,0.0002813,0.08496,0.10096,0.0010586,0.0017060999999999,0.08496,5.722e-06,0.0002012,0.0056489999999999,0.0004292,17.412,0.07588,0.0,2,3
90300000000.0,0.0002756,0.08496,0.10096,0.0010586,0.001707,0.08502,4.768e-06,0.0002012,0.00716,0.00021463,18.396,0.07973,0.0,2,3
90600000000.0,0.0002661,0.08496,0.10096,0.0010586,0.001707,0.08502,4.768e-06,0.0002012,0.004757,0.0003577,19.873,0.0853299999999999,0.0,2,3
90900000000.0,0.0002841999999999,0.08496,0.10096,0.0010596,0.001707,0.08502,4.768e-06,0.0002012,0.004624,0.00021463,23.35,0.10066,0.0,2,3
91200000000.0,0.0003299,0.08502,0.10096,0.0010596,0.0017079999999999,0.08502,6.676e-06,0.0002012,0.010868,0.0004292,15.523,0.0639899999999999,0.0,2,3
91500000000.0,0.0002975999999999,0.08502,0.10096,0.0010605,0.0017079999999999,0.08502,5.722e-06,0.0002012,0.004787,0.00035763,17.509999999999998,0.07341,0.0,2,3
91800000000.0,0.000289,0.08502,0.10096,0.0010576,0.0017052,0.08502,4.768e-06,0.0002012,0.005516,0.00028613,17.09,0.07516,0.0,2,3
92100000000.0,0.0003233,0.08502,0.10096,0.0010576,0.0017052,0.08502,3.814e-06,0.0002012,0.014408,0.00021463,15.249,0.06466,0.0,2,3
92400000000.0,0.0003241999999999,0.08502,0.10096,0.0010586,0.0017060999999999,0.08502,9.537e-06,0.0002012,0.034066,0.0012141,14.768999999999998,0.06328,0.0,2,3
92700000000.0,0.0002737,0.08502,0.10096,0.0010586,0.001707,0.08502,4.768e-06,0.0002012,0.004591,0.00028613,15.171,0.0654,0.0,2,3
93000000000.0,0.0002737,0.08502,0.10096,0.0010595,0.001707,0.08502,4.768e-06,0.0002012,0.003002,0.0003577,15.936,0.0674599999999999,0.0,2,3
93300000000.0,0.0002651,0.08502,0.10096,0.0010595,0.0017079999999999,0.08502,4.768e-06,0.0002012,0.006675,0.0002862,16.467,0.07098,0.0,2,3
93600000000.0,0.0002823,0.08502,0.10096,0.0010604,0.0017079999999999,0.08502,3.814e-06,0.0002012,0.005112,0.00028613,21.768,0.09783,0.0,2,3
93900000000.0,0.0002994,0.08502,0.10096,0.0010604,0.0017079999999999,0.08502,4.768e-06,0.0002012,0.003926,0.00021463,15.095,0.06556,0.0,2,3
94200000000.0,0.0002956,0.08496,0.10096,0.0010576,0.0017052,0.08502,4.768e-06,0.0002012,0.008983,0.00028613,18.088,0.07973,0.0,2,3
94500000000.0,0.0002614,0.08496,0.10096,0.0010586,0.0017060999999999,0.08496,5.722e-06,0.0002012,0.006291,0.00021463,26.19,0.11822,0.0,2,3
94800000000.0,0.0002871,0.08496,0.10096,0.0010586,0.0017071,0.08496,5.722e-06,0.0002012,0.008656,0.0005713,20.477,0.08987,0.0,2,3
95100000000.0,0.0002652,0.08496,0.10096,0.0010586,0.0017071,0.08496,5.722e-06,0.0002012,0.008514,0.00028613,15.394,0.06586,0.0,2,3
95400000000.0,0.0002632,0.08496,0.10096,0.0010595,0.0017071,0.08496,4.768e-06,0.0002012,0.005968,0.0003577,22.82,0.10128,0.0,2,3
95700000000.0,0.0002794,0.08496,0.10096,0.0010595,0.0017071,0.08496,4.768e-06,0.0002012,0.005918,0.00021463,20.413,0.08861,0.0,2,3
96000000000.0,0.0002918,0.08496,0.10096,0.0010604,0.0017081,0.08496,5.722e-06,0.0002012,0.008472,0.0003577,14.57,0.0613699999999999,0.0,2,3
96300000000.0,0.0002765,0.08496,0.10096,0.0010595,0.001709,0.08496,3.814e-06,0.0002012,0.010922,0.00021463,16.171,0.07048,0.0,2,3
96600000000.0,0.0002871,0.08496,0.10096,0.0010605,0.001709,0.08496,1.049e-05,0.0002012,0.005108,0.0017851,16.474,0.07092,0.0,2,3
96900000000.0,0.0002642,0.08496,0.10096,0.0010614,0.0017098999999999,0.08496,5.722e-06,0.0002012,0.016888,0.0004998,14.178,0.0613999999999999,0.0,2,3
97200000000.0,0.0002946,0.08496,0.10096,0.0010614,0.0017109,0.08496,3.814e-06,0.0002012,0.006493,0.00028613,15.989,0.06827,0.0,2,3
97500000000.0,0.0002860999999999,0.08496,0.10096,0.0010614,0.0017109,0.08496,4.768e-06,0.0002012,0.007511,0.00021463,12.873,0.05487,0.0,2,3
97800000000.0,0.0002908,0.08496,0.10096,0.0010633,0.0017119,0.08496,5.722e-06,0.0002012,0.0054859999999999,0.0003577,13.587,0.05671,0.0,2,3
98100000000.0,0.0002841999999999,0.08496,0.10096,0.0010633,0.0017128,0.08496,4.768e-06,0.0002012,0.004961,0.00021463,13.428,0.05759,0.0,2,3
98400000000.0,0.0002832,0.08496,0.10096,0.0010643,0.0017128,0.08496,4.768e-06,0.0002012,0.008442,0.00028613,19.671,0.0868599999999999,0.0,2,3
98700000000.0,0.0002375,0.08496,0.10096,0.0010653,0.0017128,0.08496,4.768e-06,0.0002012,0.004791,0.00035763,32.16,0.14914,0.0,2,3
99000000000.0,0.000246,0.08496,0.10096,0.0010653,0.0017136999999999,0.08496,4.768e-06,0.0002012,0.0046104,0.00028613,22.912,0.10566,0.0,2,3
99300000000.0,0.0002746,0.08496,0.10096,0.0010653,0.0017147,0.08496,4.768e-06,0.0002012,0.008125,0.00028613,17.734,0.07785,0.0,2,3
99600000000.0,0.0002794,0.08496,0.10096,0.0010663,0.0017147,0.08496,5.722e-06,0.0002012,0.005398,0.0003577,16.124000000000002,0.06991,0.0,2,3
99900000000.0,0.0002661,0.08496,0.10096,0.0010672,0.0017157,0.08496,4.768e-06,0.0002012,0.004183,0.0003577,25.011,0.11579,0.0,2,3
100200000000.0,0.0002707999999999,0.08496,0.10096,0.0010672,0.0017166,0.08496,3.814e-06,0.0002012,0.003653,0.00028613,15.351,0.06627,0.0,2,3
100500000000.0,0.0002671,0.08496,0.10096,0.0010672,0.0017166,0.08496,4.768e-06,0.0002012,0.00325,0.00028613,18.322000000000003,0.0803099999999999,0.0,2,3
100800000000.0,0.0002718,0.08496,0.10096,0.0010681,0.0017157,0.08496,3.814e-06,0.0002012,0.0073399999999999,0.00028613,16.111,0.07136,0.0,2,3
101100000000.0,0.0002756,0.08496,0.10096,0.0010624,0.0017108,0.08496,4.768e-06,0.0002012,0.0033725,0.00028613,17.915,0.07793,0.0,2,3
101400000000.0,0.0002394,0.08496,0.10096,0.0010614,0.0017098999999999,0.08496,4.768e-06,0.0002012,0.0021892,0.00028613,20.09,0.09099,0.0,2,3
101700000000.0,0.0002575,0.08496,0.10096,0.0010614,0.0017108,0.08496,5.722e-06,0.0002012,0.006421,0.0003577,14.089,0.06101,0.0,2,3
102000000000.0,0.000249,0.08496,0.10096,0.0010624,0.0017108,0.08496,8.582999999999999e-06,0.0002012,0.0036439999999999,0.001072,33.56,0.15597,0.0,2,3
102300000000.0,0.0002517,0.08496,0.10096,0.0010624,0.0017108,0.08496,7.628999999999999e-06,0.0002012,0.005268,0.00107103,28.74,0.13356,0.0,2,3
102600000000.0,0.0002508,0.08496,0.10096,0.0010624,0.0017108,0.08496,5.722e-06,0.0002012,0.003824,0.0009289,21.957,0.09944,0.0,2,3
102900000000.0,0.0002785,0.08496,0.10096,0.0010624,0.0017117999999999,0.08496,8.583e-06,0.0002012,0.0059133,0.00142953,16.736,0.0712,0.0,2,3
103200000000.0,0.0002536,0.08496,0.10096,0.0010634,0.0017117999999999,0.08496,4.768e-06,0.0002012,0.006554,0.0003577,11.564,0.04925,0.0,2,3
103500000000.0,0.0002575,0.08496,0.10096,0.0010634,0.0017117999999999,0.08496,5.722e-06,0.0002012,0.004128,0.00049973,18.256,0.07894,0.0,2,3
103800000000.0,0.0002651,0.08496,0.10096,0.0010643,0.0017128,0.08496,3.814e-06,0.0002012,0.003601,0.0003577,17.164,0.07539,0.0,2,3
104100000000.0,0.0002957,0.08496,0.10096,0.0010643,0.0017128,0.08496,4.768e-06,0.0002012,0.0073019999999999,0.00021463,21.9,0.0968499999999999,0.0,2,3
104400000000.0,0.0002833,0.08496,0.10096,0.0010652,0.0017138,0.08496,4.768e-06,0.0002012,0.0069089999999999,0.00028613,19.73,0.08735,0.0,2,3
104700000000.0,0.0002765,0.08496,0.10096,0.0010652,0.0017138,0.08496,4.768e-06,0.0002012,0.005974,0.00021463,21.98,0.0965,0.0,2,3
105000000000.0,0.0002841999999999,0.08496,0.10096,0.0010662,0.0017148,0.08496,5.722e-06,0.0002012,0.003473,0.0003577,16.347,0.0702,0.0,2,3
105300000000.0,0.0002871,0.08496,0.10096,0.0010662,0.0017157,0.08496,4.768e-06,0.0002012,0.007359,0.00028613,12.494,0.05212,0.0,2,3
105600000000.0,0.0003186,0.08496,0.10096,0.0010672,0.0017157,0.08496,5.722e-06,0.0002012,0.01332,0.0003577,12.844,0.05336,0.0,2,3
105900000000.0,0.0002937,0.08496,0.10096,0.0010681,0.0017166,0.08496,4.768e-06,0.0002012,0.009342,0.00028613,12.643,0.05406,0.0,2,3
106200000000.0,0.0002985,0.08496,0.10096,0.001069,0.0017176,0.08496,4.768e-06,0.0002012,0.006699,0.00028613,13.93,0.06111,0.0,2,3
106500000000.0,0.0002994,0.08496,0.10096,0.00107,0.0017186,0.08496,4.768e-06,0.0002012,0.021179,0.00021463,11.58,0.0483899999999999,0.0,2,3
106800000000.0,0.0003119,0.08496,0.10096,0.00107,0.0017195,0.08496,5.722e-06,0.0002012,0.006977,0.00071433,12.809,0.05474,0.0,2,3
107100000000.0,0.0002841999999999,0.08496,0.10096,0.0010691,0.0017176,0.08496,3.814e-06,0.0002012,0.003899,0.0002862,16.021,0.07203,0.0,2,3
107400000000.0,0.0002927,0.08496,0.10096,0.0010681,0.0017166,0.08496,4.768e-06,0.0002012,0.004837,0.00028613,12.146,0.05196,0.0,2,3
107700000000.0,0.0003519,0.08496,0.10096,0.0010691,0.0017176,0.08502,3.814e-06,0.0002012,0.005981,0.00021463,10.541,0.0443299999999999,0.0,2,3
108000000000.0,0.000308,0.08496,0.10096,0.0010701,0.0017186,0.08496,5.722e-06,0.0002012,0.005932,0.0005713,11.334,0.04854,0.0,2,3
108300000000.0,0.0003233,0.08496,0.10096,0.0010681,0.0017166,0.08502,4.768e-06,0.0002012,0.005017,0.00021463,13.746,0.06,0.0,2,3
108600000000.0,0.0003185,0.08496,0.10096,0.00107,0.0017185,0.08502,4.768e-06,0.0002012,0.00795,0.00035763,10.658,0.0455799999999999,0.0,2,3
108900000000.0,0.0003595999999999,0.08502,0.10096,0.0010682,0.0017176,0.08502,4.768e-06,0.0002012,0.012298,0.00021463,12.099,0.05271,0.0,2,3
109200000000.0,0.0003395,0.08502,0.10096,0.0010691,0.0017176,0.08502,3.814e-06,0.0002012,0.007771,0.0003577,11.881,0.04932,0.0,2,3
109500000000.0,0.0004024,0.08502,0.10096,0.0010671,0.0017166,0.08502,8.582999999999999e-06,0.0002012,0.010224,0.0010005,10.676,0.04267,0.0,2,3
109800000000.0,0.0003767,0.08502,0.10096,0.0010672,0.0017155999999999,0.08502,4.768e-06,0.0002020999999999,0.014046,0.00028613,10.171,0.04138,0.0,2,3
110100000000.0,0.0003976999999999,0.08502,0.10096,0.0010681,0.0017166,0.08502,3.814e-06,0.0002020999999999,0.010582,0.00014306,12.86,0.05338,0.0,2,3
110400000000.0,0.0003605,0.08502,0.10096,0.001069,0.0017185,0.08502,5.722e-06,0.0002020999999999,0.014217,0.0003577,11.861,0.04918,0.0,2,3
110700000000.0,0.0003462,0.08502,0.10096,0.0010681,0.0017166,0.08502,5.722e-06,0.0002020999999999,0.008225,0.00049973,11.972,0.05051,0.0,2,3
111000000000.0,0.0004215,0.08502,0.10096,0.0010681,0.0017166,0.08502,5.722e-06,0.0002020999999999,0.0083,0.0006428,8.321,0.0326199999999999,0.0,2,3
111300000000.0,0.0004435,0.08502,0.10096,0.0010653,0.0017137,0.08502,3.8147e-06,0.0002020999999999,0.007599,0.00021463,9.74,0.03893,0.0,2,3
111600000000.0,0.0005617,0.08502,0.10096,0.0010652,0.0017138,0.08502,5.722e-06,0.0002020999999999,0.020431,0.0003577,6.972,0.02572,0.0,2,3
111900000000.0,0.0004558,0.08502,0.10096,0.0010672,0.0017166,0.08502,3.814e-06,0.0002020999999999,0.010383,0.00014306,8.014,0.03032,0.0,2,3
112200000000.0,0.0003882,0.08502,0.10096,0.0010652,0.0017136999999999,0.08502,5.722e-06,0.0002020999999999,0.007167,0.0003577,9.491,0.03889,0.0,2,3
112500000000.0,0.0005188,0.08502,0.10096,0.0010672,0.0017147,0.08502,5.722e-06,0.0002020999999999,0.06421,0.00021463,7.802,0.02952,0.0,2,3
112800000000.0,0.0004292,0.08502,0.10096,0.0010691,0.0017166,0.08502,4.768e-06,0.0002031,0.016652,0.00028613,10.576,0.04323,0.0,2,3
113100000000.0,0.0004501,0.08496,0.10096,0.0010691,0.0017185999999999,0.08502,7.628999999999999e-06,0.0002031,0.02419,0.0011435,8.098,0.03066,0.0,2,3
113400000000.0,0.0004482,0.08496,0.10096,0.001071,0.0017204,0.08496,9.537e-06,0.0002031,0.007893,0.0011435,9.371,0.03675,0.0,2,3
113700000000.0,0.0004596,0.08496,0.10096,0.0010729,0.0017224,0.08496,5.722e-06,0.0002031,0.010151,0.00035763,11.634,0.04793,0.0,2,3
114000000000.0,0.0004424999999999,0.08496,0.10096,0.0010748,0.0017242,0.08496,8.583e-06,0.0002031,0.010052,0.00142953,8.353,0.03157,0.0,2,3
114300000000.0,0.0005035,0.08496,0.10096,0.0010766999999999,0.0017262,0.08496,7.628999999999999e-06,0.0002031,0.017731,0.0010005,9.2,0.03587,0.0,2,3
114600000000.0,0.0004968,0.08496,0.10096,0.0010786,0.001728,0.08496,6.675e-06,0.0002031,0.018863,0.00100043,6.9190000000000005,0.025366,0.0,2,3
114900000000.0,0.0004959,0.08496,0.10096,0.0010805,0.00173,0.08496,4.768e-06,0.0002031,0.01123,0.00028613,8.454,0.03307,0.0,2,3
115200000000.0,0.0004874,0.08496,0.10096,0.0010824,0.0017318,0.08496,4.768e-06,0.0002031,0.008892,0.0003577,8.0,0.03007,0.0,2,3
115500000000.0,0.0004769,0.08496,0.10096,0.0010843,0.0017338,0.08496,4.768e-06,0.0002031,0.03362,0.00021463,8.856,0.0350899999999999,0.0,2,3
115800000000.0,0.0004683,0.08496,0.10096,0.0010862,0.0017357,0.08496,4.768e-06,0.0002031,0.009781,0.00028613,8.305,0.0319,0.0,2,3
116100000000.0,0.000434,0.08496,0.10096,0.0010882,0.0017376,0.08496,3.814e-06,0.0002031,0.013504,0.00021463,11.086,0.04578,0.0,2,3
116400000000.0,0.0004443999999999,0.08496,0.10096,0.00109,0.0017395,0.08496,6.676e-06,0.0002031,0.007904,0.0005713,8.949,0.03521,0.0,2,3
116700000000.0,0.0003976999999999,0.08496,0.10096,0.001092,0.0017414,0.08496,4.768e-06,0.0002031,0.007862,0.0002862,9.869,0.03952,0.0,2,3
117000000000.0,0.0004063,0.08496,0.10096,0.0010939,0.0017414,0.08496,4.768e-06,0.0002031,0.0117039999999999,0.00028613,10.662,0.04376,0.0,2,3
117300000000.0,0.0003948,0.08496,0.10096,0.0010939,0.0017434,0.08496,4.768e-06,0.0002031,0.014095,0.00021463,10.887,0.04372,0.0,2,3
117600000000.0,0.0004464,0.08496,0.10096,0.0010958,0.0017452,0.08496,5.722e-06,0.0002031,0.007415,0.00028613,9.633,0.03856,0.0,2,3
117900000000.0,0.0004625,0.08496,0.10096,0.0010977,0.0017472,0.08496,4.768e-06,0.0002031,0.007923,0.00021463,7.901,0.0298,0.0,2,3
118200000000.0,0.0004788,0.08496,0.10096,0.0010996,0.001749,0.08496,4.768e-06,0.0002031,0.009895,0.0003577,7.971,0.0305,0.0,2,3
118500000000.0,0.0004692999999999,0.08496,0.10096,0.0011015,0.001751,0.08496,4.768e-06,0.0002031,0.043616,0.00042823,7.993,0.0306299999999999,0.0,2,3
118800000000.0,0.0005111,0.08496,0.10096,0.0011034,0.0017528,0.08496,6.676e-06,0.0002031,0.046781,0.0004998,8.616,0.03321,0.0,2,3
119100000000.0,0.0004043,0.08496,0.10096,0.0011053,0.0017548,0.08496,3.814e-06,0.0002031,0.010586,0.00021463,9.719,0.03934,0.0,2,3
119400000000.0,0.0004282,0.08496,0.10096,0.0011072,0.0017566,0.08496,7.628999999999999e-06,0.0002031,0.013252,0.0008573999999999,8.815,0.03435,0.0,2,3
119700000000.0,0.0004024999999999,0.08496,0.10096,0.0011091,0.0017566,0.08496,5.722e-06,0.0002031,0.017705,0.0002862,10.418,0.0413899999999999,0.0,2,3
120000000000.0,0.0003872,0.08496,0.10096,0.001111,0.0017586,0.08496,5.722e-06,0.0002031,0.015722,0.00042823,9.761,0.03875,0.0,2,3
120300000000.0,0.0003976999999999,0.08496,0.10096,0.001111,0.0017604,0.08496,4.768e-06,0.0002031,0.016279,0.00014306,8.852,0.03423,0.0,2,3
120600000000.0,0.0004043,0.08496,0.10096,0.0011111,0.0017595,0.08496,5.722e-06,0.0002031,0.013489,0.0005007,9.599,0.03875,0.0,2,3
120900000000.0,0.0003882,0.08496,0.10096,0.001111,0.0017586,0.08496,6.675e-06,0.0002031,0.008453,0.00071433,9.861,0.0393499999999999,0.0,2,3
121200000000.0,0.0004902,0.08496,0.10096,0.001113,0.0017604,0.08496,5.722e-06,0.0002031,0.0086439999999999,0.0005007,8.883,0.03328,0.0,2,3
121500000000.0,0.0004454,0.08496,0.10096,0.0011072,0.0017557,0.08496,5.722e-06,0.0002031,0.0283199999999999,0.0003577,11.609,0.04582,0.0,2,3
121800000000.0,0.0004015,0.08496,0.10096,0.0011072,0.0017566,0.08496,3.814e-06,0.0002031,0.009476,0.00028613,9.68,0.038136,0.0,2,3
122100000000.0,0.0004921,0.08496,0.10096,0.0011091,0.0017586,0.08496,4.768e-06,0.0002031,0.009582,0.00021463,8.902,0.0339799999999999,0.0,2,3
122400000000.0,0.0004158,0.08496,0.10096,0.0011080999999999,0.0017577,0.08496,7.628999999999999e-06,0.0002031,0.0164279999999999,0.0007859,8.449,0.031854,0.0,2,3
122700000000.0,0.00037,0.08496,0.10096,0.0011091,0.0017567,0.08496,9.536e-06,0.0002031,0.0076749999999999,0.0012151,10.674,0.0446,0.0,2,3
123000000000.0,0.0005293,0.08496,0.10096,0.0011072,0.0017567,0.08496,5.722e-06,0.0002031,0.06018,0.00028613,9.964,0.0399,0.0,2,3
123300000000.0,0.0005989,0.08496,0.10096,0.0010995,0.0017491,0.08502,1.2397e-05,0.0002031,0.0572499999999999,0.00128653,5.501,0.019651,0.0,2,3
123600000000.0,0.0003756999999999,0.08496,0.10096,0.0011015,0.0017491,0.08496,6.676e-06,0.0002031,0.013933,0.0009289,10.301,0.0426099999999999,0.0,2,3
123900000000.0,0.0004024,0.08496,0.10096,0.0011025,0.0017509,0.08496,4.768e-06,0.0002031,0.031597,0.0004292,9.378,0.03738,0.0,2,3
124200000000.0,0.0004301,0.08496,0.10096,0.0011034,0.0017529,0.08496,7.628999999999999e-06,0.0002031,0.010918,0.0011435,9.512,0.03723,0.0,2,3
124500000000.0,0.0003481,0.08496,0.10096,0.0011053,0.0017547,0.08496,4.768e-06,0.0002031,0.013207,0.00021463,14.654,0.06329,0.0,2,3
124800000000.0,0.0003756999999999,0.08496,0.10096,0.0011073,0.0017557,0.08496,5.722e-06,0.0002031,0.00782,0.0004292,10.627,0.04353,0.0,2,3
125100000000.0,0.0003653,0.08496,0.10096,0.0011082,0.0017567,0.08496,1.4307e-05,0.0002031,0.007972,0.00199953,9.881,0.03952,0.0,2,3
125400000000.0,0.0003528,0.08496,0.10096,0.0011091,0.0017585,0.08496,8.582999999999999e-06,0.0002031,0.007424,0.0007859,9.789,0.04013,0.0,2,3
125700000000.0,0.0004005,0.08496,0.10096,0.0011111,0.0017595,0.08496,6.675e-06,0.0002031,0.014412,0.00085733,9.253,0.03714,0.0,2,3
126000000000.0,0.0003814,0.08496,0.10096,0.001112,0.0017605,0.08496,9.537e-06,0.0002031,0.007386,0.001072,8.636,0.03405,0.0,2,3
126300000000.0,0.0003605,0.08496,0.10096,0.0011129,0.0017614,0.08496,1.1444e-05,0.0002031,0.010132,0.00121453,11.512,0.04858,0.0,2,3
126600000000.0,0.0004073,0.08496,0.10096,0.0011072,0.0017557,0.08502,5.722e-06,0.0002031,0.007957,0.0007144,9.606,0.03791,0.0,2,3
126900000000.0,0.0004349,0.08496,0.10096,0.0011091,0.0017576,0.08502,5.722e-06,0.0002031,0.016625,0.00049973,9.457,0.03555,0.0,2,3
127200000000.0,0.0004225,0.08496,0.10096,0.0011101,0.0017585,0.08502,1.2398e-05,0.0002031,0.0131,0.0012141,10.404,0.038887,0.0,2,3
127500000000.0,0.0003662,0.08502,0.10096,0.0011118999999999,0.0017605,0.08502,4.768e-06,0.0002031,0.006493,0.00021463,12.888,0.0521999999999999,0.0,2,3
127800000000.0,0.0004301,0.08502,0.10096,0.0011139,0.0017615,0.08502,4.768e-06,0.0002031,0.0098649999999999,0.00028613,8.573,0.032716,0.0,2,3
128100000000.0,0.0004244,0.08502,0.10096,0.0011148,0.0017624,0.08502,6.676e-06,0.0002031,0.019094,0.0007859,11.382,0.0458,0.0,2,3
128400000000.0,0.0003853,0.08502,0.10096,0.0011118999999999,0.0017605,0.08502,5.722e-06,0.0002031,0.005711,0.00028613,9.925,0.04006,0.0,2,3
128700000000.0,0.00041,0.08502,0.10096,0.0011091,0.0017586,0.08502,4.768e-06,0.0002031,0.012077,0.00021463,10.994,0.04395,0.0,2,3
129000000000.0,0.0003767,0.08502,0.10096,0.001111,0.0017595,0.08502,4.768e-06,0.0002031,0.011902,0.00028613,10.838,0.04426,0.0,2,3
129300000000.0,0.000432,0.08502,0.10096,0.001112,0.0017605,0.08502,4.768e-06,0.0002031,0.01458,0.00021463,9.939,0.03984,0.0,2,3
129600000000.0,0.0004139,0.08502,0.10096,0.001111,0.0017596,0.08502,9.536e-06,0.0002031,0.006725,0.0012503,9.642,0.03806,0.0,2,3
129900000000.0,0.0003691,0.08502,0.10096,0.0011091,0.0017586,0.08502,4.768e-06,0.0002031,0.0044139999999999,0.0002862,10.331,0.04188,0.0,2,3
130200000000.0,0.0004158,0.08502,0.10096,0.0011111,0.0017596,0.08502,2.0031e-05,0.0002031,0.017516,0.0047155999999999,7.133000000000001,0.025684,0.0,2,3
130500000000.0,0.0004253,0.08502,0.10096,0.0011225,0.0017729,0.08502,9.537e-06,0.0002031,0.013054,0.0014291,8.577,0.03324,0.0,2,3
130800000000.0,0.0004006,0.08502,0.10096,0.0011216,0.001771,0.08502,5.722e-06,0.0002031,0.006848,0.0005712299999999,8.307,0.03143,0.0,2,3
131100000000.0,0.0003872,0.08502,0.10096,0.0011216,0.001771,0.08502,6.676e-06,0.0002031,0.008583,0.00042823,10.357,0.04192,0.0,2,3
131400000000.0,0.000371,0.08502,0.10096,0.0011225,0.0017729,0.08502,5.722e-06,0.0002031,0.006389,0.0003577,10.125,0.04128,0.0,2,3
131700000000.0,0.0004301,0.08502,0.10096,0.0011206,0.0017709,0.08502,4.768e-06,0.0002031,0.007431,0.00014306,9.234,0.03701,0.0,2,3
132000000000.0,0.0004539,0.08502,0.10096,0.0011216,0.0017719,0.08502,4.768e-06,0.0002031,0.010354,0.0003577,7.226000000000001,0.026739,0.0,2,3
132300000000.0,0.000412,0.08496,0.10096,0.0011206,0.0017701,0.08496,4.768e-06,0.0002031,0.008919,0.00014306,9.291,0.03684,0.0,2,3
132600000000.0,0.0004053,0.08496,0.10096,0.0011158,0.0017661999999999,0.08496,5.722e-06,0.0002031,0.026182,0.0003577,10.206,0.04074,0.0,2,3
132900000000.0,0.0004072,0.08496,0.10096,0.0011177,0.0017672,0.08496,4.768e-06,0.0002031,0.007358,0.00021463,12.18,0.04957,0.0,2,3
133200000000.0,0.0004205,0.08496,0.10096,0.0011186,0.0017682,0.08496,5.722e-06,0.0002031,0.009514,0.00028613,10.691,0.0412,0.0,2,3
133500000000.0,0.0004376999999999,0.08496,0.10096,0.0011196,0.0017699999999999,0.08496,3.814e-06,0.0002031,0.017098,0.00014306,10.758,0.04351,0.0,2,3
133800000000.0,0.0005054,0.08496,0.10096,0.0011167,0.0017672,0.08496,6.676e-06,0.0002031,0.008407,0.0007859,7.747,0.0276399999999999,0.0,2,3
134100000000.0,0.0004311,0.08496,0.10096,0.0011158,0.0017653,0.08496,6.675e-06,0.0002031,0.017456,0.0009289,11.097,0.04448,0.0,2,3
134400000000.0,0.0003948,0.08496,0.10096,0.0011168,0.0017661999999999,0.08496,5.722e-06,0.0002031,0.011078,0.0007859,10.172,0.04033,0.0,2,3
134700000000.0,0.0003662,0.08496,0.10096,0.0011177,0.0017680999999999,0.08496,3.814e-06,0.0002031,0.007988,0.00014306,12.107,0.04945,0.0,2,3
135000000000.0,0.0004339,0.08496,0.10096,0.0011196,0.0017691,0.08496,8.583e-06,0.0002031,0.017658,0.0015011,10.87,0.04357,0.0,2,3
135300000000.0,0.0004396,0.08496,0.10096,0.0011215,0.0017709,0.08496,5.722e-06,0.0002031,0.011986,0.00021463,9.775,0.03868,0.0,2,3
135600000000.0,0.0004263,0.08496,0.10096,0.0011234,0.0017729,0.08496,4.768e-06,0.0002031,0.006656,0.00028613,10.581,0.04156,0.0,2,3
135900000000.0,0.0004177,0.08496,0.10096,0.0011244,0.0017737999999999,0.08496,5.722e-06,0.0002031,0.007164,0.00042823,11.221,0.0450799999999999,0.0,2,3
136200000000.0,0.0005341,0.08496,0.10096,0.0011272,0.0017758,0.08496,5.722e-06,0.0002031,0.027067,0.0004292,9.152,0.03526,0.0,2,3
136500000000.0,0.000535,0.08496,0.10096,0.0011292,0.0017786,0.08496,5.722e-06,0.0002031,0.022931,0.00035763,8.692,0.03319,0.0,2,3
136800000000.0,0.0004921,0.08496,0.10096,0.001131,0.0017805,0.08496,5.722e-06,0.0002031,0.012634,0.0003577,9.692,0.03811,0.0,2,3
137100000000.0,0.0004797,0.08496,0.10096,0.0011244,0.0017739,0.08496,3.814e-06,0.0002031,0.017427,0.00014306,8.85,0.03371,0.0,2,3
137400000000.0,0.0005579,0.08496,0.10096,0.0011253,0.0017748,0.08496,5.722e-06,0.0002031,0.03915,0.0005713,8.411999999999999,0.0322,0.0,2,3
137700000000.0,0.0004215,0.08496,0.10096,0.0011273,0.0017767,0.08496,8.582999999999999e-06,0.0002031,0.0059889999999999,0.001072,12.057,0.0501,0.0,2,3
138000000000.0,0.0003948,0.08496,0.10096,0.0011291,0.0017775999999999,0.08496,4.768e-06,0.0002031,0.006207,0.00028613,10.438,0.04193,0.0,2,3
138300000000.0,0.0004139,0.08496,0.10096,0.0011301,0.0017796,0.08496,5.722e-06,0.0002031,0.0064849999999999,0.0002862,11.886,0.0489,0.0,2,3
138600000000.0,0.0004290999999999,0.08496,0.10096,0.0011311,0.0017813999999999,0.08496,8.583e-06,0.0002031,0.012802,0.0015720999999999,9.79,0.03862,0.0,2,3
138900000000.0,0.0004387,0.08496,0.10096,0.0011329,0.0017834,0.08496,7.628999999999999e-06,0.0002031,0.009876,0.00114353,10.373,0.04177,0.0,2,3
139200000000.0,0.0004864,0.08496,0.10096,0.0011348999999999,0.0017853,0.08496,1.1444e-05,0.0002031,0.005749,0.0020711,9.658,0.03818,0.0,2,3
139500000000.0,0.0004424999999999,0.08496,0.10096,0.0011367,0.0017872,0.08496,1.049e-05,0.0002031,0.010425,0.0013571,9.986,0.0393,0.0,2,3
139800000000.0,0.0004282,0.08496,0.10096,0.0011386999999999,0.0017891,0.08496,4.768e-06,0.0002031,0.006306,0.00028613,10.013,0.03969,0.0,2,3
140100000000.0,0.0004349,0.08496,0.10096,0.0011406,0.001791,0.08496,6.675e-06,0.0002031,0.010636,0.00100043,10.101,0.0397,0.0,2,3
140400000000.0,0.0004043999999999,0.08496,0.10096,0.0011424999999999,0.001791,0.08496,9.536e-06,0.0002031,0.011848,0.0012860999999999,11.819,0.04783,0.0,2,3
140700000000.0,0.0003986,0.08496,0.10096,0.0011424999999999,0.0017929,0.08496,5.722e-06,0.0002031,0.008346,0.0004292,12.287,0.04912,0.0,2,3
141000000000.0,0.0004501,0.08496,0.10096,0.0011445,0.0017948,0.08496,5.722e-06,0.0002031,0.010182,0.0003577,9.336,0.034786,0.0,2,3
141300000000.0,0.0004015,0.08496,0.10096,0.0011463,0.0017967,0.08496,6.676e-06,0.0002031,0.008095,0.00049973,12.519,0.05126,0.0,2,3
141600000000.0,0.0004158,0.08496,0.10096,0.0011483,0.0017976,0.08496,4.768e-06,0.0002031,0.008598,0.0003577,10.921,0.04449,0.0,2,3
141900000000.0,0.0004301,0.08496,0.10096,0.0011501,0.0017986,0.08496,5.722e-06,0.0002031,0.008446,0.0003577,11.347,0.04557,0.0,2,3
142200000000.0,0.0004397,0.08496,0.10096,0.0011521,0.0018005999999999,0.08496,4.768e-06,0.0002031,0.009208,0.00028613,10.325,0.0408,0.0,2,3
142500000000.0,0.0004196,0.08496,0.10096,0.0011473,0.0017967,0.08496,1.3347e-05,0.0002031,0.009937,0.00121453,11.826,0.04892,0.0,2,3
142800000000.0,0.0003634,0.08496,0.10096,0.0011425,0.0017929,0.08496,5.722e-06,0.0002031,0.011899,0.0006428,11.589,0.04805,0.0,2,3
143100000000.0,0.0003739,0.08496,0.10096,0.0011443999999999,0.0017938,0.08496,4.768e-06,0.0002031,0.005943,0.00021463,10.39,0.04239,0.0,2,3
143400000000.0,0.0003890999999999,0.08496,0.10096,0.0011453,0.0017948,0.08496,2.8607e-06,0.0002031,0.0068319999999999,0.00021463,12.167,0.05071,0.0,2,3
143700000000.0,0.0003901,0.08496,0.10096,0.0011463,0.0017967,0.08496,4.768e-06,0.0002031,0.009998,0.0004292,11.599,0.04733,0.0,2,3
144000000000.0,0.0003291,0.08496,0.10096,0.0011473,0.0017967999999999,0.08496,4.768e-06,0.0002031,0.004818,0.00028613,13.591,0.05762,0.0,2,3
144300000000.0,0.0003775999999999,0.08496,0.10096,0.0011453,0.0017948999999999,0.08496,5.722e-06,0.0002031,0.007301,0.0004998,10.301,0.03988,0.0,2,3
144600000000.0,0.0003462,0.08496,0.10096,0.0011463,0.0017967,0.08496,9.536e-06,0.0002031,0.016516,0.0003577,13.02,0.0546099999999999,0.0,2,3
144900000000.0,0.0003214,0.08496,0.10096,0.0011473,0.0017967,0.08502,6.675e-06,0.0002031,0.012856,0.0009289,10.636,0.04334,0.0,2,3
145200000000.0,0.0005112,0.08502,0.10096,0.0011454,0.0017948999999999,0.08502,1.049e-05,0.0002031,0.022976,0.0012151,5.752,0.020083,0.0,2,3
145500000000.0,0.0004510999999999,0.08496,0.10096,0.0011463,0.0017958,0.08502,1.6212e-05,0.0002031,0.022801,0.002642,15.025,0.06502,0.0,2,3
145800000000.0,0.0013628,0.08514,0.10096,0.0011882,0.0019009,0.08557,0.0003366,0.0002031,0.11798,0.0857499999999999,19.153,0.0873,0.0,2,3
146100000000.0,0.0004539,0.08545,0.10096,0.0012883999999999,0.002153,0.08545,7.63e-06,0.0002031,0.006325,0.0003577,21.068,0.09464,0.0,2,3
146400000000.0,0.0004787,0.08545,0.10096,0.0012837,0.002147,0.08545,1.6212e-05,0.0002031,0.06555,0.0025008,18.974,0.08365,0.0,2,3
146700000000.0,0.0005226,0.08545,0.10096,0.0012799,0.0021469999999999,0.08545,9.537e-06,0.0002031,0.0170799999999999,0.0007859,15.847,0.06958,0.0,2,3
147000000000.0,0.0004587,0.08545,0.10096,0.0012808,0.0021469999999999,0.08545,9.537e-06,0.0002031,0.006382,0.0010005,20.524,0.09145,0.0,2,3
147300000000.0,0.0003805,0.0850799999999999,0.10096,0.0013647,0.002052,0.08545,1.0491e-05,0.0002031,0.0093,0.0013571,15.448,0.06577,0.0,2,3
147600000000.0,0.0003347,0.08502,0.10096,0.0013142,0.0019654,0.08502,6.676e-06,0.0002031,0.0046,0.0004292,9.41,0.03728,0.0,2,3
147900000000.0,0.00037,0.08502,0.10096,0.0013161,0.0019654,0.08502,4.768e-06,0.0002031,0.014717,0.00042823,13.269,0.05563,0.0,2,3
148200000000.0,0.0003567,0.08502,0.10096,0.0013151999999999,0.0019644,0.08502,5.722e-06,0.0002031,0.02384,0.0003577,10.293,0.04148,0.0,2,3
148500000000.0,0.0003461,0.08502,0.10096,0.0013141,0.0019624,0.08502,4.768e-06,0.0002031,0.01474,0.00021463,13.346,0.05635,0.0,2,3
148800000000.0,0.0003071,0.08502,0.10096,0.0013037,0.0019541,0.08502,4.768e-06,0.0002031,0.009979,0.0004292,10.877,0.04391,0.0,2,3
149100000000.0,0.0003976999999999,0.08502,0.10096,0.0011463,0.0017958,0.08502,3.814e-06,0.0002031,0.036609,0.00021463,11.458,0.04545,0.0,2,3
149400000000.0,0.0003443,0.08502,0.10096,0.0011463,0.0017967,0.08502,4.768e-06,0.0002031,0.00822,0.00028613,12.272000000000002,0.05004,0.0,2,3
149700000000.0,0.000392,0.08502,0.10096,0.0011416,0.001792,0.08502,5.722e-06,0.0002031,0.01088,0.00021463,12.576,0.05101,0.0,2,3
150000000000.0,0.0003767,0.08502,0.10096,0.0011396,0.00179,0.08502,1.3351e-05,0.0002031,0.011635,0.0019296,11.439,0.04586,0.0,2,3
150300000000.0,0.0003414,0.08502,0.10096,0.0011396,0.00179,0.08502,5.722e-06,0.0002031,0.0075499999999999,0.0003577,13.82,0.0577,0.0,2,3
150600000000.0,0.0003243,0.08502,0.10096,0.0011416,0.001791,0.08502,1.1444e-05,0.0002031,0.004686,0.00142953,14.406,0.06034,0.0,2,3
150900000000.0,0.0003547,0.08502,0.10096,0.0011416,0.001792,0.08502,5.722e-06,0.0002031,0.008511,0.0003577,11.633,0.04736,0.0,2,3
151200000000.0,0.0003795,0.08496,0.10096,0.0011406,0.0017911,0.08502,5.722e-06,0.0002031,0.007755,0.0005007,12.131,0.04926,0.0,2,3
151500000000.0,0.0003204,0.08496,0.10096,0.0011396,0.0017901,0.08496,5.722e-06,0.0002031,0.007416,0.0002862,14.538,0.06321,0.0,2,3
151800000000.0,0.0003424,0.08496,0.10096,0.0011406,0.001791,0.08496,4.768e-06,0.0002031,0.008458,0.00028613,13.754,0.05791,0.0,2,3
152100000000.0,0.0003719,0.08496,0.10096,0.0011416,0.001792,0.08496,6.676e-06,0.0002031,0.006561,0.0005713,13.17,0.05586,0.0,2,3
152400000000.0,0.0003223,0.08496,0.10096,0.0011415,0.001792,0.08496,4.768e-06,0.0002031,0.007091,0.00028613,12.332,0.0519899999999999,0.0,2,3
152700000000.0,0.0003252,0.08496,0.10096,0.0011405999999999,0.001791,0.08496,4.768e-06,0.0002031,0.005912,0.00042823,11.965,0.04901,0.0,2,3
153000000000.0,0.0003643,0.08496,0.10096,0.0011397,0.0017891,0.08496,5.722e-06,0.0002031,0.015668,0.00035763,12.777,0.05316,0.0,2,3
153300000000.0,0.0003815,0.08496,0.10096,0.0011378,0.0017881,0.08496,4.768e-06,0.0002031,0.00703,0.00021463,12.612,0.05163,0.0,2,3
153600000000.0,0.0003376,0.08496,0.10096,0.0011348,0.0017853,0.08496,5.722e-06,0.0002031,0.008583,0.0003577,11.566,0.04735,0.0,2,3
153900000000.0,0.0003652,0.08496,0.10096,0.0011358,0.0017863,0.08496,5.722e-06,0.0002031,0.005646,0.00028613,12.277,0.05017,0.0,2,3
154200000000.0,0.0002747,0.08496,0.10096,0.0011367999999999,0.0017872,0.08496,6.676e-06,0.0002031,0.003536,0.0007859,19.453,0.08576,0.0,2,3
154500000000.0,0.000268,0.08496,0.10096,0.0011378,0.0017872,0.08496,5.722e-06,0.0002031,0.007714,0.00021463,22.49,0.0984599999999999,0.0,2,3
154800000000.0,0.0002651,0.08496,0.10096,0.0011378,0.0017881,0.08496,4.768e-06,0.0002031,0.004553,0.0003577,21.888,0.09731,0.0,2,3
155100000000.0,0.0002575,0.08496,0.10096,0.0011386999999999,0.0017881,0.08496,3.814e-06,0.0002031,0.0026974,0.00014306,23.526,0.1053,0.0,2,3
155400000000.0,0.0002746,0.08496,0.10096,0.0011386999999999,0.0017881,0.08496,5.722e-06,0.0002031,0.0031465,0.0003577,18.522,0.08171,0.0,2,3
155700000000.0,0.0002860999999999,0.08496,0.10096,0.0011386999999999,0.0017891,0.08496,5.722e-06,0.0002031,0.01232,0.00028613,15.114999999999998,0.06452,0.0,2,3
156000000000.0,0.0002841999999999,0.08496,0.10096,0.0011396,0.0017891,0.08496,4.768e-06,0.0002031,0.017015,0.00028613,20.380000000000003,0.08902,0.0,2,3
156300000000.0,0.0002699,0.08496,0.10096,0.0011406,0.0017901,0.08496,5.722e-06,0.0002031,0.004238,0.00028613,14.818,0.06264,0.0,2,3
156600000000.0,0.000309,0.08496,0.10096,0.0011358,0.0017853,0.08496,5.722e-06,0.0002031,0.008843,0.0004292,19.742,0.0872,0.0,2,3
156900000000.0,0.0003329,0.08496,0.10096,0.0011348999999999,0.0017853,0.08496,5.722e-06,0.0002031,0.00618,0.0003577,15.025,0.06369,0.0,2,3
157200000000.0,0.0003338,0.08496,0.10096,0.0011367,0.0017862,0.08496,1.0491e-05,0.0002031,0.006142,0.0017862999999999,12.954,0.05376,0.0,2,3
157500000000.0,0.0004063,0.08496,0.10096,0.0011348,0.0017843,0.08496,4.768e-06,0.0002031,0.015556,0.00021463,9.857,0.038357,0.0,2,3
157800000000.0,0.0002938,0.08496,0.10096,0.001133,0.0017815,0.08496,5.722e-06,0.0002031,0.005585,0.00042823,9.837,0.03965,0.0,2,3
158100000000.0,0.0002908,0.08496,0.10096,0.001133,0.0017832999999999,0.08496,9.536e-06,0.0002031,0.010635,0.00150053,13.44,0.05615,0.0,2,3
158400000000.0,0.000328,0.08496,0.10096,0.001133,0.0017832999999999,0.08496,8.582999999999999e-06,0.0002031,0.006718,0.0012860999999999,13.509,0.05651,0.0,2,3
158700000000.0,0.0003271,0.08496,0.10096,0.0011348999999999,0.0017843,0.08496,4.768e-06,0.0002031,0.007847,0.0002862,11.539,0.04766,0.0,2,3
159000000000.0,0.0003241999999999,0.08496,0.10096,0.0011348999999999,0.0017853,0.08496,4.768e-06,0.0002031,0.012264,0.00028613,14.07,0.06038,0.0,2,3
159300000000.0,0.0003338,0.08496,0.10096,0.0011367999999999,0.0017853,0.08496,5.722e-06,0.0002031,0.00589,0.00021463,12.71,0.0531699999999999,0.0,2,3
159600000000.0,0.0003252,0.08496,0.10096,0.0011367999999999,0.0017870999999999,0.08496,4.768e-06,0.0002031,0.008015,0.00028613,11.905,0.04818,0.0,2,3
159900000000.0,0.0003204,0.08496,0.10096,0.0011367999999999,0.0017870999999999,0.08496,3.814e-06,0.0002031,0.042117,0.00021463,13.931,0.05801,0.0,2,3
160200000000.0,0.000309,0.08496,0.10096,0.0011387,0.0017881,0.08496,5.722e-06,0.0002031,0.004441,0.00035763,12.192,0.05008,0.0,2,3
160500000000.0,0.0003174999999999,0.08496,0.10096,0.0011368,0.0017872,0.08496,4.768e-06,0.0002031,0.004871,0.00028613,12.827,0.0540309999999999,0.0,2,3
160800000000.0,0.0003281,0.08496,0.10096,0.0011367999999999,0.0017853,0.08496,4.768e-06,0.0002031,0.010494,0.0003577,10.419,0.04242,0.0,2,3
161100000000.0,0.0003138,0.08496,0.10096,0.0011367999999999,0.0017872,0.08496,4.768e-06,0.0002031,0.017382,0.00021463,10.647,0.04366,0.0,2,3
161400000000.0,0.0003939,0.08496,0.10096,0.0011367999999999,0.0017872,0.08496,6.675e-06,0.0002031,0.016592,0.00046443,15.821000000000002,0.06802,0.0,2,3
161700000000.0,0.0003051,0.08496,0.10096,0.0011367,0.0017872,0.08496,8.582999999999999e-06,0.0002031,0.007315,0.0012860999999999,17.495,0.0772,0.0,2,3
162000000000.0,0.0003394999999999,0.08496,0.10096,0.0011348,0.0017853,0.08496,4.768e-06,0.0002031,0.004671,0.0003577,12.24,0.05108,0.0,2,3
162300000000.0,0.000329,0.08496,0.10096,0.0011348999999999,0.0017853,0.08496,4.768e-06,0.0002031,0.0110239999999999,0.00028613,11.814,0.0493,0.0,2,3
162600000000.0,0.0003329,0.08496,0.10096,0.0011358,0.0017853,0.08502,5.722e-06,0.0002031,0.005733,0.0003577,10.212,0.040532,0.0,2,3
162900000000.0,0.0003147,0.08496,0.10096,0.0011367,0.0017863,0.08496,4.768e-06,0.0002031,0.009552,0.00021463,14.666,0.06238,0.0,2,3
163200000000.0,0.0003662,0.08496,0.10096,0.0011348,0.0017843,0.08502,5.722e-06,0.0002031,0.007084,0.0003577,10.223,0.04006,0.0,2,3
163500000000.0,0.0003118,0.08496,0.10096,0.0011339,0.0017834,0.08496,4.768e-06,0.0002031,0.0205759999999999,0.00021463,9.227,0.03634,0.0,2,3
163800000000.0,0.000309,0.08496,0.10096,0.0011348999999999,0.0017853,0.08502,4.768e-06,0.0002031,0.014812,0.0003577,13.986,0.05969,0.0,2,3
164100000000.0,0.0003375999999999,0.08496,0.10096,0.0011358,0.0017853,0.08502,3.814e-06,0.0002031,0.013168,0.00014306,17.682000000000002,0.07776,0.0,2,3
164400000000.0,0.0002937,0.08502,0.10096,0.0011367999999999,0.0017853,0.08502,5.722e-06,0.0002031,0.00376,0.0003577,15.934,0.06964,0.0,2,3
164700000000.0,0.0002918,0.08502,0.10096,0.001133,0.0017834,0.08502,4.768e-06,0.0002031,0.005951,0.00021463,15.431,0.06778,0.0,2,3
165000000000.0,0.0003061999999999,0.08502,0.10096,0.001134,0.0017834,0.08502,5.722e-06,0.0002031,0.011944,0.0004292,24.744,0.1117199999999999,0.0,2,3
165300000000.0,0.0003805,0.08502,0.10096,0.001134,0.0017853,0.08502,4.768e-06,0.0002031,0.0268,0.00021463,11.246,0.04606,0.0,2,3
165600000000.0,0.0003805,0.08502,0.10096,0.0011358,0.0017853,0.08502,5.722e-06,0.0002031,0.006825,0.0005007,8.283,0.03226,0.0,2,3
165900000000.0,0.0003386,0.08502,0.10096,0.0011358,0.0017872,0.08502,4.768e-06,0.0002031,0.013977,0.00021463,14.035,0.06018,0.0,2,3
166200000000.0,0.0003109,0.08502,0.10096,0.0011367999999999,0.0017872,0.08502,5.722e-06,0.0002031,0.003784,0.0003577,18.66,0.08015,0.0,2,3
166500000000.0,0.000289,0.08502,0.10096,0.0011367999999999,0.0017872,0.08502,3.814e-06,0.0002031,0.005875,0.00021463,17.005,0.07452,0.0,2,3
166800000000.0,0.0002852,0.08502,0.10096,0.001134,0.0017843,0.08502,3.814e-06,0.0002031,0.024264,0.00028613,16.585,0.07275,0.0,2,3
167100000000.0,0.0002832,0.08502,0.10096,0.0011349,0.0017853,0.08502,2.8607e-06,0.0002031,0.006164,0.00035763,22.429,0.09975,0.0,2,3
167400000000.0,0.0002774999999999,0.08502,0.10096,0.0011339,0.0017843,0.08502,9.536e-06,0.0002031,0.0060999999999999,0.0018568999999999,24.054,0.1094,0.0,2,3
167700000000.0,0.0005989,0.08514,0.10096,0.0011711,0.0018872,0.08551,0.0003233,0.0002031,0.05292,0.03821,18.377,0.08253,0.0,2,3
168000000000.0,0.0003767,0.08545,0.10096,0.0012465,0.0021135,0.08545,7.628999999999999e-06,0.0002031,0.003378,0.0004998,26.85,0.12333,0.0,2,3
168300000000.0,0.0003919,0.08545,0.10096,0.0012407,0.0021057,0.08545,8.582999999999999e-06,0.0002031,0.004387,0.0003577,27.14,0.123,0.0,2,3
168600000000.0,0.0003881,0.08545,0.10096,0.001236,0.0021035999999999,0.08545,1.1444e-05,0.0002031,0.006756,0.0010005,21.894,0.09648,0.0,2,3
168900000000.0,0.0003949,0.08545,0.10096,0.0012301999999999,0.002098,0.08545,1.4305e-05,0.0002031,0.009537,0.001214,22.534,0.10309,0.0,2,3
169200000000.0,0.0002785,0.08502,0.10096,0.0011749,0.0018444,0.08551,1.049e-05,0.0002031,0.008614,0.0012856,14.368,0.0627699999999999,0.0,2,3
169500000000.0,0.0002489,0.08502,0.10096,0.0011101,0.0017605,0.08502,5.722e-06,0.0002031,0.002865,0.0003577,15.842,0.06742,0.0,2,3
169800000000.0,0.0002604,0.08502,0.10096,0.0011101,0.0017605,0.08502,4.768e-06,0.0002031,0.004808,0.00028613,17.509999999999998,0.0776699999999999,0.0,2,3
170100000000.0,0.0002803,0.08502,0.10096,0.0011101,0.0017605,0.08502,4.768e-06,0.0002031,0.006379,0.00021463,17.451999999999998,0.07544,0.0,2,3
170400000000.0,0.0002727,0.08502,0.10096,0.001111,0.0017605,0.08502,5.722e-06,0.0002031,0.008144,0.0003577,22.015,0.09633,0.0,2,3
170700000000.0,0.0002881,0.08496,0.10096,0.0011119,0.0017624,0.08496,4.768e-06,0.0002031,0.00753,0.00014306,15.84,0.06866,0.0,2,3
171000000000.0,0.0003109,0.08496,0.10096,0.0011119,0.0017624,0.08496,4.768e-06,0.0002031,0.008099,0.0003577,21.708,0.0974,0.0,2,3
171300000000.0,0.0002804,0.08496,0.10096,0.001111,0.0017624,0.08496,3.814e-06,0.0002031,0.036956,0.00021463,14.589,0.063715,0.0,2,3
171600000000.0,0.0002498,0.08496,0.10096,0.00111,0.0017605,0.08496,4.768e-06,0.0002031,0.003033,0.00028613,19.273000000000003,0.08652,0.0,2,3
171900000000.0,0.0002594,0.08496,0.10096,0.0011091,0.0017586,0.08496,5.722e-06,0.0002031,0.012771,0.0002862,20.377,0.0937099999999999,0.0,2,3
172200000000.0,0.0002451,0.08496,0.10096,0.0011091,0.0017595,0.08496,4.768e-06,0.0002031,0.0027206,0.0003577,22.32,0.10203,0.0,2,3
172500000000.0,0.0002565,0.08496,0.10096,0.0011101,0.0017604,0.08496,4.768e-06,0.0002031,0.004496,0.00021463,18.947,0.08659,0.0,2,3
172800000000.0,0.000247,0.08496,0.10096,0.0011101,0.0017604,0.08496,5.722e-06,0.0002031,0.005905,0.0003577,18.78,0.08609,0.0,2,3
173100000000.0,0.0002441999999999,0.08496,0.10096,0.0011091,0.0017595,0.08496,4.768e-06,0.0002031,0.004961,0.00028613,16.666,0.07519,0.0,2,3
173400000000.0,0.0002594,0.08496,0.10096,0.0011091999999999,0.0017585,0.08496,4.768e-06,0.0002031,0.0049359999999999,0.00028613,15.634,0.06952,0.0,2,3
173700000000.0,0.0002423,0.08496,0.10096,0.0011091999999999,0.0017595,0.08496,4.768e-06,0.0002031,0.003286,0.00021463,17.994,0.0813899999999999,0.0,2,3
174000000000.0,0.0002365,0.08496,0.10096,0.0011101,0.0017605,0.08496,4.768e-06,0.0002031,0.0031649,0.00028613,19.4,0.08931,0.0,2,3
174300000000.0,0.0002442,0.08496,0.10096,0.0011082,0.0017586,0.08496,4.768e-06,0.0002031,0.0060269999999999,0.00021463,20.652,0.09428,0.0,2,3
174600000000.0,0.0002565,0.08496,0.10096,0.0011082,0.0017586,0.08496,4.768e-06,0.0002031,0.004389,0.00035763,20.008000000000003,0.0893299999999999,0.0,2,3
174900000000.0,0.0002441,0.08496,0.10096,0.0011091,0.0017586,0.08496,6.676e-06,0.0002031,0.0027099999999999,0.0006428299999999,21.91,0.10112,0.0,2,3
175200000000.0,0.0002451,0.08496,0.10096,0.0011091,0.0017595,0.08496,4.768e-06,0.0002031,0.0023573,0.0003577,20.41,0.09039,0.0,2,3
175500000000.0,0.0002527,0.08496,0.10096,0.0011091,0.0017595,0.08496,3.814e-06,0.0002031,0.005306,0.00021463,18.946,0.08458,0.0,2,3
175800000000.0,0.0002536,0.08496,0.10096,0.0011043,0.0017547,0.08496,3.814e-06,0.0002031,0.004814,0.0003577,16.331,0.06996,0.0,2,3
176100000000.0,0.0002860999999999,0.08496,0.10096,0.0011043,0.0017547,0.08496,5.722e-06,0.0002031,0.00953,0.0002862,21.98,0.09553,0.0,2,3
176400000000.0,0.0002613,0.08496,0.10096,0.0011053,0.0017547,0.08496,1.4301e-05,0.0002031,0.003601,0.0031446,19.281,0.08491,0.0,2,3
176700000000.0,0.0002851,0.08496,0.10096,0.0011053,0.0017557,0.08496,3.814e-06,0.0002031,0.008061,0.00014306,12.995,0.05523,0.0,2,3
177000000000.0,0.0002737,0.08496,0.10096,0.0011053,0.0017557,0.08496,5.722e-06,0.0002031,0.011091,0.0004292,12.315,0.05133,0.0,2,3
177300000000.0,0.0002547,0.08496,0.10096,0.0011063,0.0017567,0.08496,6.675e-06,0.0002031,0.003273,0.00085733,14.588,0.06366,0.0,2,3
177600000000.0,0.0002652,0.08496,0.10096,0.0011044,0.0017548,0.08496,4.768e-06,0.0002031,0.003929,0.00028613,14.999,0.06364,0.0,2,3
177900000000.0,0.0002795,0.08496,0.10096,0.001112,0.0017624,0.08496,2.5747e-05,0.0002031,0.005783,0.0060009999999999,17.4,0.07633,0.0,2,3
178200000000.0,0.0002651,0.08496,0.10096,0.0011215,0.0017739,0.08496,3.814e-06,0.0002031,0.005394,0.00028613,16.487000000000002,0.07234,0.0,2,3
178500000000.0,0.0002812999999999,0.08496,0.10096,0.0011234,0.0017748,0.08496,7.628999999999999e-06,0.0002031,0.004753,0.00092893,15.521,0.0655,0.0,2,3
178800000000.0,0.0002537,0.08496,0.10096,0.0011263,0.0017777,0.08496,5.722e-06,0.0002031,0.002975,0.0003577,18.406,0.07998,0.0,2,3
179100000000.0,0.0002594,0.08496,0.10096,0.0011292,0.0017805,0.08496,6.676e-06,0.0002031,0.003992,0.0007859,13.944,0.05917,0.0,2,3
179400000000.0,0.0002508,0.08496,0.10096,0.0011302,0.0017815,0.08496,6.676e-06,0.0002031,0.0020234,0.0006428,18.985,0.08342,0.0,2,3
179700000000.0,0.0002823,0.08496,0.10096,0.0011302,0.0017824,0.08496,5.722e-06,0.0002031,0.02139,0.0002862,15.848,0.069282,0.0,2,3
180000000000.0,0.0002718,0.08496,0.10096,0.0011311,0.0017833,0.08496,4.768e-06,0.0002031,0.005764,0.00028613,24.11,0.10857,0.0,2,3
